gate-light-check	Set up job	﻿2026-02-22T00:56:59.7890669Z Current runner version: '2.331.0'
gate-light-check	Set up job	2026-02-22T00:56:59.7940531Z ##[group]Runner Image Provisioner
gate-light-check	Set up job	2026-02-22T00:56:59.7941353Z Hosted Compute Agent
gate-light-check	Set up job	2026-02-22T00:56:59.7941939Z Version: 20260123.484
gate-light-check	Set up job	2026-02-22T00:56:59.7942548Z Commit: 6bd6555ca37d84114959e1c76d2c01448ff61c5d
gate-light-check	Set up job	2026-02-22T00:56:59.7943191Z Build Date: 2026-01-23T19:41:17Z
gate-light-check	Set up job	2026-02-22T00:56:59.7944287Z Worker ID: {8b024184-d6f0-4c07-91c0-71298a5a26be}
gate-light-check	Set up job	2026-02-22T00:56:59.7945032Z Azure Region: northcentralus
gate-light-check	Set up job	2026-02-22T00:56:59.7945570Z ##[endgroup]
gate-light-check	Set up job	2026-02-22T00:56:59.7947446Z ##[group]Operating System
gate-light-check	Set up job	2026-02-22T00:56:59.7948051Z Ubuntu
gate-light-check	Set up job	2026-02-22T00:56:59.7948522Z 24.04.3
gate-light-check	Set up job	2026-02-22T00:56:59.7948923Z LTS
gate-light-check	Set up job	2026-02-22T00:56:59.7949453Z ##[endgroup]
gate-light-check	Set up job	2026-02-22T00:56:59.7949913Z ##[group]Runner Image
gate-light-check	Set up job	2026-02-22T00:56:59.7950483Z Image: ubuntu-24.04
gate-light-check	Set up job	2026-02-22T00:56:59.7951063Z Version: 20260201.15.1
gate-light-check	Set up job	2026-02-22T00:56:59.7952005Z Included Software: https://github.com/actions/runner-images/blob/ubuntu24/20260201.15/images/ubuntu/Ubuntu2404-Readme.md
gate-light-check	Set up job	2026-02-22T00:56:59.7953697Z Image Release: https://github.com/actions/runner-images/releases/tag/ubuntu24%2F20260201.15
gate-light-check	Set up job	2026-02-22T00:56:59.7954939Z ##[endgroup]
gate-light-check	Set up job	2026-02-22T00:56:59.7956061Z ##[group]GITHUB_TOKEN Permissions
gate-light-check	Set up job	2026-02-22T00:56:59.7958126Z Contents: read
gate-light-check	Set up job	2026-02-22T00:56:59.7958658Z Metadata: read
gate-light-check	Set up job	2026-02-22T00:56:59.7959236Z Packages: read
gate-light-check	Set up job	2026-02-22T00:56:59.7959701Z ##[endgroup]
gate-light-check	Set up job	2026-02-22T00:56:59.7961704Z Secret source: Actions
gate-light-check	Set up job	2026-02-22T00:56:59.7962865Z Prepare workflow directory
gate-light-check	Set up job	2026-02-22T00:56:59.8297153Z Prepare all required actions
gate-light-check	Set up job	2026-02-22T00:56:59.8335488Z Getting action download info
gate-light-check	Set up job	2026-02-22T00:57:00.1304606Z Download action repository 'actions/checkout@v4' (SHA:34e114876b0b11c390a56381ad16ebd13914f8d5)
gate-light-check	Set up job	2026-02-22T00:57:00.2252566Z Download action repository 'actions/setup-node@v4' (SHA:49933ea5288caeca8642d1e84afbd3f7d6820020)
gate-light-check	Set up job	2026-02-22T00:57:00.4259815Z Complete job name: gate-light-check
gate-light-check	Run actions/checkout@v4	﻿2026-02-22T00:57:00.5044777Z ##[group]Run actions/checkout@v4
gate-light-check	Run actions/checkout@v4	2026-02-22T00:57:00.5045705Z with:
gate-light-check	Run actions/checkout@v4	2026-02-22T00:57:00.5046080Z   fetch-depth: 0
gate-light-check	Run actions/checkout@v4	2026-02-22T00:57:00.5046518Z   repository: dongyupeng2108-bot/OppOrder
gate-light-check	Run actions/checkout@v4	2026-02-22T00:57:00.5047244Z   token: ***
gate-light-check	Run actions/checkout@v4	2026-02-22T00:57:00.5047626Z   ssh-strict: true
gate-light-check	Run actions/checkout@v4	2026-02-22T00:57:00.5048001Z   ssh-user: git
gate-light-check	Run actions/checkout@v4	2026-02-22T00:57:00.5048396Z   persist-credentials: true
gate-light-check	Run actions/checkout@v4	2026-02-22T00:57:00.5048838Z   clean: true
gate-light-check	Run actions/checkout@v4	2026-02-22T00:57:00.5049230Z   sparse-checkout-cone-mode: true
gate-light-check	Run actions/checkout@v4	2026-02-22T00:57:00.5049701Z   fetch-tags: false
gate-light-check	Run actions/checkout@v4	2026-02-22T00:57:00.5050084Z   show-progress: true
gate-light-check	Run actions/checkout@v4	2026-02-22T00:57:00.5050479Z   lfs: false
gate-light-check	Run actions/checkout@v4	2026-02-22T00:57:00.5050833Z   submodules: false
gate-light-check	Run actions/checkout@v4	2026-02-22T00:57:00.5051227Z   set-safe-directory: true
gate-light-check	Run actions/checkout@v4	2026-02-22T00:57:00.5051857Z ##[endgroup]
gate-light-check	Run actions/checkout@v4	2026-02-22T00:57:00.6204631Z Syncing repository: dongyupeng2108-bot/OppOrder
gate-light-check	Run actions/checkout@v4	2026-02-22T00:57:00.6206518Z ##[group]Getting Git version info
gate-light-check	Run actions/checkout@v4	2026-02-22T00:57:00.6207705Z Working directory is '/home/runner/work/OppOrder/OppOrder'
gate-light-check	Run actions/checkout@v4	2026-02-22T00:57:00.6209480Z [command]/usr/bin/git version
gate-light-check	Run actions/checkout@v4	2026-02-22T00:57:00.6276315Z git version 2.52.0
gate-light-check	Run actions/checkout@v4	2026-02-22T00:57:00.6304357Z ##[endgroup]
gate-light-check	Run actions/checkout@v4	2026-02-22T00:57:00.6319364Z Temporarily overriding HOME='/home/runner/work/_temp/9290d63e-dc0e-49e8-a6ff-20df118069da' before making global git config changes
gate-light-check	Run actions/checkout@v4	2026-02-22T00:57:00.6320976Z Adding repository directory to the temporary git global config as a safe directory
gate-light-check	Run actions/checkout@v4	2026-02-22T00:57:00.6325832Z [command]/usr/bin/git config --global --add safe.directory /home/runner/work/OppOrder/OppOrder
gate-light-check	Run actions/checkout@v4	2026-02-22T00:57:00.6367729Z Deleting the contents of '/home/runner/work/OppOrder/OppOrder'
gate-light-check	Run actions/checkout@v4	2026-02-22T00:57:00.6372053Z ##[group]Initializing the repository
gate-light-check	Run actions/checkout@v4	2026-02-22T00:57:00.6376668Z [command]/usr/bin/git init /home/runner/work/OppOrder/OppOrder
gate-light-check	Run actions/checkout@v4	2026-02-22T00:57:00.6470943Z hint: Using 'master' as the name for the initial branch. This default branch name
gate-light-check	Run actions/checkout@v4	2026-02-22T00:57:00.6472194Z hint: will change to "main" in Git 3.0. To configure the initial branch name
gate-light-check	Run actions/checkout@v4	2026-02-22T00:57:00.6473215Z hint: to use in all of your new repositories, which will suppress this warning,
gate-light-check	Run actions/checkout@v4	2026-02-22T00:57:00.6474904Z hint: call:
gate-light-check	Run actions/checkout@v4	2026-02-22T00:57:00.6475277Z hint:
gate-light-check	Run actions/checkout@v4	2026-02-22T00:57:00.6475768Z hint: 	git config --global init.defaultBranch <name>
gate-light-check	Run actions/checkout@v4	2026-02-22T00:57:00.6476334Z hint:
gate-light-check	Run actions/checkout@v4	2026-02-22T00:57:00.6476865Z hint: Names commonly chosen instead of 'master' are 'main', 'trunk' and
gate-light-check	Run actions/checkout@v4	2026-02-22T00:57:00.6477741Z hint: 'development'. The just-created branch can be renamed via this command:
gate-light-check	Run actions/checkout@v4	2026-02-22T00:57:00.6478444Z hint:
gate-light-check	Run actions/checkout@v4	2026-02-22T00:57:00.6478812Z hint: 	git branch -m <name>
gate-light-check	Run actions/checkout@v4	2026-02-22T00:57:00.6479239Z hint:
gate-light-check	Run actions/checkout@v4	2026-02-22T00:57:00.6479945Z hint: Disable this message with "git config set advice.defaultBranchName false"
gate-light-check	Run actions/checkout@v4	2026-02-22T00:57:00.6481095Z Initialized empty Git repository in /home/runner/work/OppOrder/OppOrder/.git/
gate-light-check	Run actions/checkout@v4	2026-02-22T00:57:00.6487207Z [command]/usr/bin/git remote add origin https://github.com/dongyupeng2108-bot/OppOrder
gate-light-check	Run actions/checkout@v4	2026-02-22T00:57:00.6526285Z ##[endgroup]
gate-light-check	Run actions/checkout@v4	2026-02-22T00:57:00.6527051Z ##[group]Disabling automatic garbage collection
gate-light-check	Run actions/checkout@v4	2026-02-22T00:57:00.6530805Z [command]/usr/bin/git config --local gc.auto 0
gate-light-check	Run actions/checkout@v4	2026-02-22T00:57:00.6563642Z ##[endgroup]
gate-light-check	Run actions/checkout@v4	2026-02-22T00:57:00.6564575Z ##[group]Setting up auth
gate-light-check	Run actions/checkout@v4	2026-02-22T00:57:00.6571477Z [command]/usr/bin/git config --local --name-only --get-regexp core\.sshCommand
gate-light-check	Run actions/checkout@v4	2026-02-22T00:57:00.6604855Z [command]/usr/bin/git submodule foreach --recursive sh -c "git config --local --name-only --get-regexp 'core\.sshCommand' && git config --local --unset-all 'core.sshCommand' || :"
gate-light-check	Run actions/checkout@v4	2026-02-22T00:57:00.6951171Z [command]/usr/bin/git config --local --name-only --get-regexp http\.https\:\/\/github\.com\/\.extraheader
gate-light-check	Run actions/checkout@v4	2026-02-22T00:57:00.6983046Z [command]/usr/bin/git submodule foreach --recursive sh -c "git config --local --name-only --get-regexp 'http\.https\:\/\/github\.com\/\.extraheader' && git config --local --unset-all 'http.https://github.com/.extraheader' || :"
gate-light-check	Run actions/checkout@v4	2026-02-22T00:57:00.7218417Z [command]/usr/bin/git config --local --name-only --get-regexp ^includeIf\.gitdir:
gate-light-check	Run actions/checkout@v4	2026-02-22T00:57:00.7262239Z [command]/usr/bin/git submodule foreach --recursive git config --local --show-origin --name-only --get-regexp remote.origin.url
gate-light-check	Run actions/checkout@v4	2026-02-22T00:57:00.7500330Z [command]/usr/bin/git config --local http.https://github.com/.extraheader AUTHORIZATION: basic ***
gate-light-check	Run actions/checkout@v4	2026-02-22T00:57:00.7538730Z ##[endgroup]
gate-light-check	Run actions/checkout@v4	2026-02-22T00:57:00.7540022Z ##[group]Fetching the repository
gate-light-check	Run actions/checkout@v4	2026-02-22T00:57:00.7549912Z [command]/usr/bin/git -c protocol.version=2 fetch --prune --no-recurse-submodules origin +refs/heads/*:refs/remotes/origin/* +refs/tags/*:refs/tags/* +b7b975ae19822e865cb26855806836adff676f60:refs/remotes/pull/146/merge
gate-light-check	Run actions/checkout@v4	2026-02-22T00:57:01.3430874Z From https://github.com/dongyupeng2108-bot/OppOrder
gate-light-check	Run actions/checkout@v4	2026-02-22T00:57:01.3434370Z  * [new branch]      backup/seed_004_keep_002_docs            -> origin/backup/seed_004_keep_002_docs
gate-light-check	Run actions/checkout@v4	2026-02-22T00:57:01.3436722Z  * [new branch]      chore/mg3-codeowners-proof-260219_003    -> origin/chore/mg3-codeowners-proof-260219_003
gate-light-check	Run actions/checkout@v4	2026-02-22T00:57:01.3439031Z  * [new branch]      chore/mg3-codeowners-proof-260219_003b   -> origin/chore/mg3-codeowners-proof-260219_003b
gate-light-check	Run actions/checkout@v4	2026-02-22T00:57:01.3441399Z  * [new branch]      feat/contract-selfcheck-260221_005e      -> origin/feat/contract-selfcheck-260221_005e
gate-light-check	Run actions/checkout@v4	2026-02-22T00:57:01.3443557Z  * [new branch]      feat/contract-selfcheck-260221_005g      -> origin/feat/contract-selfcheck-260221_005g
gate-light-check	Run actions/checkout@v4	2026-02-22T00:57:01.3445976Z  * [new branch]      feat/contract-selfcheck-260221_005h      -> origin/feat/contract-selfcheck-260221_005h
gate-light-check	Run actions/checkout@v4	2026-02-22T00:57:01.3448171Z  * [new branch]      feat/contract-selfcheck-260221_005k      -> origin/feat/contract-selfcheck-260221_005k
gate-light-check	Run actions/checkout@v4	2026-02-22T00:57:01.3450379Z  * [new branch]      feat/contract-selfcheck-260221_005m      -> origin/feat/contract-selfcheck-260221_005m
gate-light-check	Run actions/checkout@v4	2026-02-22T00:57:01.3452522Z  * [new branch]      feat/contract-selfcheck-260221_005n      -> origin/feat/contract-selfcheck-260221_005n
gate-light-check	Run actions/checkout@v4	2026-02-22T00:57:01.3455002Z  * [new branch]      feat/contract-selfcheck-260221_005o      -> origin/feat/contract-selfcheck-260221_005o
gate-light-check	Run actions/checkout@v4	2026-02-22T00:57:01.3459109Z  * [new branch]      feat/contract-selfcheck-260221_005r      -> origin/feat/contract-selfcheck-260221_005r
gate-light-check	Run actions/checkout@v4	2026-02-22T00:57:01.3461368Z  * [new branch]      feat/docs-deliver-002-goals-260221_004   -> origin/feat/docs-deliver-002-goals-260221_004
gate-light-check	Run actions/checkout@v4	2026-02-22T00:57:01.3463584Z  * [new branch]      feat/docs-deliver-002-goals-260221_012c  -> origin/feat/docs-deliver-002-goals-260221_012c
gate-light-check	Run actions/checkout@v4	2026-02-22T00:57:01.3466211Z  * [new branch]      feat/docs-deliver-002-goals-260221_012d  -> origin/feat/docs-deliver-002-goals-260221_012d
gate-light-check	Run actions/checkout@v4	2026-02-22T00:57:01.3468691Z  * [new branch]      feat/docs-deliver-002-goals-260221_012e  -> origin/feat/docs-deliver-002-goals-260221_012e
gate-light-check	Run actions/checkout@v4	2026-02-22T00:57:01.3471062Z  * [new branch]      feat/docs-deliver-002-goals-260221_012f  -> origin/feat/docs-deliver-002-goals-260221_012f
gate-light-check	Run actions/checkout@v4	2026-02-22T00:57:01.3473315Z  * [new branch]      feat/error-governance-260218_013         -> origin/feat/error-governance-260218_013
gate-light-check	Run actions/checkout@v4	2026-02-22T00:57:01.3475675Z  * [new branch]      feat/fix-ci-shallow-260218_014           -> origin/feat/fix-ci-shallow-260218_014
gate-light-check	Run actions/checkout@v4	2026-02-22T00:57:01.3478213Z  * [new branch]      feat/m-g1-evidence-worm-bypass-260218_015 -> origin/feat/m-g1-evidence-worm-bypass-260218_015
gate-light-check	Run actions/checkout@v4	2026-02-22T00:57:01.3480975Z  * [new branch]      feat/mg3-codeowners-260219_003           -> origin/feat/mg3-codeowners-260219_003
gate-light-check	Run actions/checkout@v4	2026-02-22T00:57:01.3483545Z  * [new branch]      feat/mg3-codeowners-260219_004_fix       -> origin/feat/mg3-codeowners-260219_004_fix
gate-light-check	Run actions/checkout@v4	2026-02-22T00:57:01.3486311Z  * [new branch]      feat/mg3-codeowners-evidence-002m        -> origin/feat/mg3-codeowners-evidence-002m
gate-light-check	Run actions/checkout@v4	2026-02-22T00:57:01.3488571Z  * [new branch]      feat/p6-open-pr-guard-supersede-260216_008 -> origin/feat/p6-open-pr-guard-supersede-260216_008
gate-light-check	Run actions/checkout@v4	2026-02-22T00:57:01.3490426Z  * [new branch]      feat/p7-failbudget-noninteractive-260216_010 -> origin/feat/p7-failbudget-noninteractive-260216_010
gate-light-check	Run actions/checkout@v4	2026-02-22T00:57:01.3492708Z  * [new branch]      feat/p7-workflow-upgrade-failbudget-noninteractive-260216_009 -> origin/feat/p7-workflow-upgrade-failbudget-noninteractive-260216_009
gate-light-check	Run actions/checkout@v4	2026-02-22T00:57:01.3495477Z  * [new branch]      feat/p8-enforce-ps-native-260218_012     -> origin/feat/p8-enforce-ps-native-260218_012
gate-light-check	Run actions/checkout@v4	2026-02-22T00:57:01.3497147Z  * [new branch]      feat/p8-openprguard-test-bypass-260218_011 -> origin/feat/p8-openprguard-test-bypass-260218_011
gate-light-check	Run actions/checkout@v4	2026-02-22T00:57:01.3498987Z  * [new branch]      feat/workflow-upgrade-taskid-suffix-260221_003b -> origin/feat/workflow-upgrade-taskid-suffix-260221_003b
gate-light-check	Run actions/checkout@v4	2026-02-22T00:57:01.3500587Z  * [new branch]      main                                     -> origin/main
gate-light-check	Run actions/checkout@v4	2026-02-22T00:57:01.3501680Z  * [new ref]         b7b975ae19822e865cb26855806836adff676f60 -> pull/146/merge
gate-light-check	Run actions/checkout@v4	2026-02-22T00:57:01.3532608Z ##[endgroup]
gate-light-check	Run actions/checkout@v4	2026-02-22T00:57:01.3534274Z ##[group]Determining the checkout info
gate-light-check	Run actions/checkout@v4	2026-02-22T00:57:01.3535468Z ##[endgroup]
gate-light-check	Run actions/checkout@v4	2026-02-22T00:57:01.3540743Z [command]/usr/bin/git sparse-checkout disable
gate-light-check	Run actions/checkout@v4	2026-02-22T00:57:01.3589388Z [command]/usr/bin/git config --local --unset-all extensions.worktreeConfig
gate-light-check	Run actions/checkout@v4	2026-02-22T00:57:01.3620612Z ##[group]Checking out the ref
gate-light-check	Run actions/checkout@v4	2026-02-22T00:57:01.3625401Z [command]/usr/bin/git checkout --progress --force refs/remotes/pull/146/merge
gate-light-check	Run actions/checkout@v4	2026-02-22T00:57:01.4210710Z Note: switching to 'refs/remotes/pull/146/merge'.
gate-light-check	Run actions/checkout@v4	2026-02-22T00:57:01.4212380Z 
gate-light-check	Run actions/checkout@v4	2026-02-22T00:57:01.4213290Z You are in 'detached HEAD' state. You can look around, make experimental
gate-light-check	Run actions/checkout@v4	2026-02-22T00:57:01.4215820Z changes and commit them, and you can discard any commits you make in this
gate-light-check	Run actions/checkout@v4	2026-02-22T00:57:01.4218123Z state without impacting any branches by switching back to a branch.
gate-light-check	Run actions/checkout@v4	2026-02-22T00:57:01.4219543Z 
gate-light-check	Run actions/checkout@v4	2026-02-22T00:57:01.4220190Z If you want to create a new branch to retain commits you create, you may
gate-light-check	Run actions/checkout@v4	2026-02-22T00:57:01.4221517Z do so (now or later) by using -c with the switch command. Example:
gate-light-check	Run actions/checkout@v4	2026-02-22T00:57:01.4222647Z 
gate-light-check	Run actions/checkout@v4	2026-02-22T00:57:01.4222982Z   git switch -c <new-branch-name>
gate-light-check	Run actions/checkout@v4	2026-02-22T00:57:01.4223630Z 
gate-light-check	Run actions/checkout@v4	2026-02-22T00:57:01.4224345Z Or undo this operation with:
gate-light-check	Run actions/checkout@v4	2026-02-22T00:57:01.4225298Z 
gate-light-check	Run actions/checkout@v4	2026-02-22T00:57:01.4225569Z   git switch -
gate-light-check	Run actions/checkout@v4	2026-02-22T00:57:01.4226064Z 
gate-light-check	Run actions/checkout@v4	2026-02-22T00:57:01.4226795Z Turn off this advice by setting config variable advice.detachedHead to false
gate-light-check	Run actions/checkout@v4	2026-02-22T00:57:01.4228055Z 
gate-light-check	Run actions/checkout@v4	2026-02-22T00:57:01.4229240Z HEAD is now at b7b975a Merge d44f5da2d1bbbd258f07a630252243b6926987e2 into bd17c730c9f7af9787a502999138423fc3b998d4
gate-light-check	Run actions/checkout@v4	2026-02-22T00:57:01.4233124Z ##[endgroup]
gate-light-check	Run actions/checkout@v4	2026-02-22T00:57:01.4266422Z [command]/usr/bin/git log -1 --format=%H
gate-light-check	Run actions/checkout@v4	2026-02-22T00:57:01.4292056Z b7b975ae19822e865cb26855806836adff676f60
gate-light-check	Setup Node.js	﻿2026-02-22T00:57:01.4620100Z ##[group]Run actions/setup-node@v4
gate-light-check	Setup Node.js	2026-02-22T00:57:01.4621287Z with:
gate-light-check	Setup Node.js	2026-02-22T00:57:01.4622085Z   node-version: 18
gate-light-check	Setup Node.js	2026-02-22T00:57:01.4622995Z   always-auth: false
gate-light-check	Setup Node.js	2026-02-22T00:57:01.4624047Z   check-latest: false
gate-light-check	Setup Node.js	2026-02-22T00:57:01.4625340Z   token: ***
gate-light-check	Setup Node.js	2026-02-22T00:57:01.4626160Z ##[endgroup]
gate-light-check	Setup Node.js	2026-02-22T00:57:01.6529492Z Attempting to download 18...
gate-light-check	Setup Node.js	2026-02-22T00:57:02.1215354Z Acquiring 18.20.8 - x64 from https://github.com/actions/node-versions/releases/download/18.20.8-14110393767/node-18.20.8-linux-x64.tar.gz
gate-light-check	Setup Node.js	2026-02-22T00:57:02.5671203Z Extracting ...
gate-light-check	Setup Node.js	2026-02-22T00:57:02.5806502Z [command]/usr/bin/tar xz --strip 1 --warning=no-unknown-keyword --overwrite -C /home/runner/work/_temp/9a26ddfa-a3a7-41a1-91b9-904372e70259 -f /home/runner/work/_temp/d1b018b4-f4da-4fb3-b17f-83c87642ae23
gate-light-check	Setup Node.js	2026-02-22T00:57:03.5117962Z Adding to the cache ...
gate-light-check	Setup Node.js	2026-02-22T00:57:05.2325499Z ##[group]Environment details
gate-light-check	Setup Node.js	2026-02-22T00:57:05.5002920Z node: v18.20.8
gate-light-check	Setup Node.js	2026-02-22T00:57:05.5003339Z npm: 10.8.2
gate-light-check	Setup Node.js	2026-02-22T00:57:05.5004187Z yarn: 1.22.22
gate-light-check	Setup Node.js	2026-02-22T00:57:05.5005164Z ##[endgroup]
gate-light-check	Generate Workspace Healer Evidence	﻿2026-02-22T00:57:05.5185367Z ##[group]Run TASK_REF="${GITHUB_HEAD_REF}"
gate-light-check	Generate Workspace Healer Evidence	2026-02-22T00:57:05.5185795Z [36;1mTASK_REF="${GITHUB_HEAD_REF}"[0m
gate-light-check	Generate Workspace Healer Evidence	2026-02-22T00:57:05.5186083Z [36;1mif [ -z "$TASK_REF" ]; then[0m
gate-light-check	Generate Workspace Healer Evidence	2026-02-22T00:57:05.5186340Z [36;1m  TASK_REF="${GITHUB_REF_NAME}"[0m
gate-light-check	Generate Workspace Healer Evidence	2026-02-22T00:57:05.5186571Z [36;1mfi[0m
gate-light-check	Generate Workspace Healer Evidence	2026-02-22T00:57:05.5186909Z [36;1mPR_TASK_ID=$(echo "$TASK_REF" | grep -oE '[0-9]{6}_[0-9]{3}[A-Za-z]?' | head -n 1 || true)[0m
gate-light-check	Generate Workspace Healer Evidence	2026-02-22T00:57:05.5187394Z [36;1mecho "GITHUB_HEAD_REF=${GITHUB_HEAD_REF}"[0m
gate-light-check	Generate Workspace Healer Evidence	2026-02-22T00:57:05.5187694Z [36;1mecho "GITHUB_REF_NAME=${GITHUB_REF_NAME}"[0m
gate-light-check	Generate Workspace Healer Evidence	2026-02-22T00:57:05.5187974Z [36;1mecho "PR_TASK_ID=${PR_TASK_ID}"[0m
gate-light-check	Generate Workspace Healer Evidence	2026-02-22T00:57:05.5188225Z [36;1mif [ -z "$PR_TASK_ID" ]; then[0m
gate-light-check	Generate Workspace Healer Evidence	2026-02-22T00:57:05.5188470Z [36;1m  echo "No task_id detected."[0m
gate-light-check	Generate Workspace Healer Evidence	2026-02-22T00:57:05.5188690Z [36;1m  exit 0[0m
gate-light-check	Generate Workspace Healer Evidence	2026-02-22T00:57:05.5188860Z [36;1mfi[0m
gate-light-check	Generate Workspace Healer Evidence	2026-02-22T00:57:05.5189037Z [36;1mYEAR="20${PR_TASK_ID:0:2}"[0m
gate-light-check	Generate Workspace Healer Evidence	2026-02-22T00:57:05.5189284Z [36;1mMONTH="${PR_TASK_ID:2:2}"[0m
gate-light-check	Generate Workspace Healer Evidence	2026-02-22T00:57:05.5189625Z [36;1mEVIDENCE_DIR="rules/task-reports/${YEAR}-${MONTH}"[0m
gate-light-check	Generate Workspace Healer Evidence	2026-02-22T00:57:05.5190038Z [36;1mEVIDENCE_FILE="${EVIDENCE_DIR}/workspace_healer_${PR_TASK_ID}.json"[0m
gate-light-check	Generate Workspace Healer Evidence	2026-02-22T00:57:05.5190478Z [36;1mTMP_EVIDENCE_FILE="/tmp/workspace_healer_${PR_TASK_ID}.json"[0m
gate-light-check	Generate Workspace Healer Evidence	2026-02-22T00:57:05.5190820Z [36;1mmkdir -p "$EVIDENCE_DIR"[0m
gate-light-check	Generate Workspace Healer Evidence	2026-02-22T00:57:05.5191062Z [36;1mecho "TASK_ID=${PR_TASK_ID}"[0m
gate-light-check	Generate Workspace Healer Evidence	2026-02-22T00:57:05.5191313Z [36;1mecho "EVIDENCE_FILE=${EVIDENCE_FILE}"[0m
gate-light-check	Generate Workspace Healer Evidence	2026-02-22T00:57:05.5191667Z [36;1mecho "WORKSPACE_HEALER_TMP=${TMP_EVIDENCE_FILE}" >> "$GITHUB_ENV"[0m
gate-light-check	Generate Workspace Healer Evidence	2026-02-22T00:57:05.5192017Z [36;1mecho "WORKSPACE_HEALER_BEFORE:"[0m
gate-light-check	Generate Workspace Healer Evidence	2026-02-22T00:57:05.5192321Z [36;1mls -la "$EVIDENCE_DIR" | grep workspace_healer_ || true[0m
gate-light-check	Generate Workspace Healer Evidence	2026-02-22T00:57:05.5192944Z [36;1mpwsh -NonInteractive -ExecutionPolicy Bypass -File scripts/reset_workspace.ps1 -Mode Heal > /tmp/workspace_healer_heal.json[0m
gate-light-check	Generate Workspace Healer Evidence	2026-02-22T00:57:05.5193946Z [36;1mpwsh -NonInteractive -ExecutionPolicy Bypass -File scripts/reset_workspace.ps1 -Mode EnforceClean > "$TMP_EVIDENCE_FILE"[0m
gate-light-check	Generate Workspace Healer Evidence	2026-02-22T00:57:05.5194522Z [36;1mecho "WORKSPACE_HEALER_AFTER:"[0m
gate-light-check	Generate Workspace Healer Evidence	2026-02-22T00:57:05.5194826Z [36;1mls -la "$EVIDENCE_DIR" | grep workspace_healer_ || true[0m
gate-light-check	Generate Workspace Healer Evidence	2026-02-22T00:57:05.5233598Z shell: /usr/bin/bash -e {0}
gate-light-check	Generate Workspace Healer Evidence	2026-02-22T00:57:05.5234157Z ##[endgroup]
gate-light-check	Generate Workspace Healer Evidence	2026-02-22T00:57:05.5352887Z GITHUB_HEAD_REF=feat/contract-selfcheck-260221_005r
gate-light-check	Generate Workspace Healer Evidence	2026-02-22T00:57:05.5353383Z GITHUB_REF_NAME=146/merge
gate-light-check	Generate Workspace Healer Evidence	2026-02-22T00:57:05.5353676Z PR_TASK_ID=260221_005r
gate-light-check	Generate Workspace Healer Evidence	2026-02-22T00:57:05.5362688Z TASK_ID=260221_005r
gate-light-check	Generate Workspace Healer Evidence	2026-02-22T00:57:05.5363489Z EVIDENCE_FILE=rules/task-reports/2026-02/workspace_healer_260221_005r.json
gate-light-check	Generate Workspace Healer Evidence	2026-02-22T00:57:05.5364414Z WORKSPACE_HEALER_BEFORE:
gate-light-check	Generate Workspace Healer Evidence	2026-02-22T00:57:05.5403285Z -rw-r--r-- 1 runner runner   917 Feb 22 00:57 workspace_healer_260219_001.json
gate-light-check	Generate Workspace Healer Evidence	2026-02-22T00:57:05.5404536Z -rw-r--r-- 1 runner runner   917 Feb 22 00:57 workspace_healer_260219_004.json
gate-light-check	Generate Workspace Healer Evidence	2026-02-22T00:57:05.5405557Z -rw-r--r-- 1 runner runner   975 Feb 22 00:57 workspace_healer_260221_004a.json
gate-light-check	Generate Workspace Healer Evidence	2026-02-22T00:57:05.5406633Z -rw-r--r-- 1 runner runner   922 Feb 22 00:57 workspace_healer_260221_004f.json
gate-light-check	Generate Workspace Healer Evidence	2026-02-22T00:57:05.5407614Z -rw-r--r-- 1 runner runner   918 Feb 22 00:57 workspace_healer_260221_005h.json
gate-light-check	Generate Workspace Healer Evidence	2026-02-22T00:57:05.5408633Z -rw-r--r-- 1 runner runner   918 Feb 22 00:57 workspace_healer_260221_005i.json
gate-light-check	Generate Workspace Healer Evidence	2026-02-22T00:57:05.5409650Z -rw-r--r-- 1 runner runner   918 Feb 22 00:57 workspace_healer_260221_005j.json
gate-light-check	Generate Workspace Healer Evidence	2026-02-22T00:57:05.5410615Z -rw-r--r-- 1 runner runner   918 Feb 22 00:57 workspace_healer_260221_005k.json
gate-light-check	Generate Workspace Healer Evidence	2026-02-22T00:57:05.5411588Z -rw-r--r-- 1 runner runner   918 Feb 22 00:57 workspace_healer_260221_005l.json
gate-light-check	Generate Workspace Healer Evidence	2026-02-22T00:57:05.5412551Z -rw-r--r-- 1 runner runner   918 Feb 22 00:57 workspace_healer_260221_005m.json
gate-light-check	Generate Workspace Healer Evidence	2026-02-22T00:57:05.5413505Z -rw-r--r-- 1 runner runner   918 Feb 22 00:57 workspace_healer_260221_005n.json
gate-light-check	Generate Workspace Healer Evidence	2026-02-22T00:57:05.5415461Z -rw-r--r-- 1 runner runner   918 Feb 22 00:57 workspace_healer_260221_005o.json
gate-light-check	Generate Workspace Healer Evidence	2026-02-22T00:57:05.5416863Z -rw-r--r-- 1 runner runner   918 Feb 22 00:57 workspace_healer_260221_005r.json
gate-light-check	Generate Workspace Healer Evidence	2026-02-22T00:57:10.7820766Z WORKSPACE_HEALER_AFTER:
gate-light-check	Generate Workspace Healer Evidence	2026-02-22T00:57:10.7859386Z -rw-r--r-- 1 runner runner   917 Feb 22 00:57 workspace_healer_260219_001.json
gate-light-check	Generate Workspace Healer Evidence	2026-02-22T00:57:10.7860459Z -rw-r--r-- 1 runner runner   917 Feb 22 00:57 workspace_healer_260219_004.json
gate-light-check	Generate Workspace Healer Evidence	2026-02-22T00:57:10.7861503Z -rw-r--r-- 1 runner runner   975 Feb 22 00:57 workspace_healer_260221_004a.json
gate-light-check	Generate Workspace Healer Evidence	2026-02-22T00:57:10.7862848Z -rw-r--r-- 1 runner runner   922 Feb 22 00:57 workspace_healer_260221_004f.json
gate-light-check	Generate Workspace Healer Evidence	2026-02-22T00:57:10.7864359Z -rw-r--r-- 1 runner runner   918 Feb 22 00:57 workspace_healer_260221_005h.json
gate-light-check	Generate Workspace Healer Evidence	2026-02-22T00:57:10.7865372Z -rw-r--r-- 1 runner runner   918 Feb 22 00:57 workspace_healer_260221_005i.json
gate-light-check	Generate Workspace Healer Evidence	2026-02-22T00:57:10.7866452Z -rw-r--r-- 1 runner runner   918 Feb 22 00:57 workspace_healer_260221_005j.json
gate-light-check	Generate Workspace Healer Evidence	2026-02-22T00:57:10.7867484Z -rw-r--r-- 1 runner runner   918 Feb 22 00:57 workspace_healer_260221_005k.json
gate-light-check	Generate Workspace Healer Evidence	2026-02-22T00:57:10.7868511Z -rw-r--r-- 1 runner runner   918 Feb 22 00:57 workspace_healer_260221_005l.json
gate-light-check	Generate Workspace Healer Evidence	2026-02-22T00:57:10.7869502Z -rw-r--r-- 1 runner runner   918 Feb 22 00:57 workspace_healer_260221_005m.json
gate-light-check	Generate Workspace Healer Evidence	2026-02-22T00:57:10.7870503Z -rw-r--r-- 1 runner runner   918 Feb 22 00:57 workspace_healer_260221_005n.json
gate-light-check	Generate Workspace Healer Evidence	2026-02-22T00:57:10.7871538Z -rw-r--r-- 1 runner runner   918 Feb 22 00:57 workspace_healer_260221_005o.json
gate-light-check	Generate Workspace Healer Evidence	2026-02-22T00:57:10.7872561Z -rw-r--r-- 1 runner runner   918 Feb 22 00:57 workspace_healer_260221_005r.json
gate-light-check	Workspace Healer Debug Snapshot	﻿2026-02-22T00:57:10.7910501Z ##[group]Run git status --porcelain
gate-light-check	Workspace Healer Debug Snapshot	2026-02-22T00:57:10.7910821Z [36;1mgit status --porcelain[0m
gate-light-check	Workspace Healer Debug Snapshot	2026-02-22T00:57:10.7911064Z [36;1mgit diff --name-only[0m
gate-light-check	Workspace Healer Debug Snapshot	2026-02-22T00:57:10.7911278Z [36;1mgit diff --stat[0m
gate-light-check	Workspace Healer Debug Snapshot	2026-02-22T00:57:10.7911522Z [36;1mls -la rules/task-reports/2026-02 | head[0m
gate-light-check	Workspace Healer Debug Snapshot	2026-02-22T00:57:10.7911850Z [36;1mif [ -n "$WORKSPACE_HEALER_TMP" ]; then[0m
gate-light-check	Workspace Healer Debug Snapshot	2026-02-22T00:57:10.7912169Z [36;1m  cat "$WORKSPACE_HEALER_TMP" | head -n 120[0m
gate-light-check	Workspace Healer Debug Snapshot	2026-02-22T00:57:10.7912444Z [36;1mfi[0m
gate-light-check	Workspace Healer Debug Snapshot	2026-02-22T00:57:10.7945017Z shell: /usr/bin/bash -e {0}
gate-light-check	Workspace Healer Debug Snapshot	2026-02-22T00:57:10.7945342Z env:
gate-light-check	Workspace Healer Debug Snapshot	2026-02-22T00:57:10.7945743Z   WORKSPACE_HEALER_TMP: /tmp/workspace_healer_260221_005r.json
gate-light-check	Workspace Healer Debug Snapshot	2026-02-22T00:57:10.7946244Z ##[endgroup]
gate-light-check	Workspace Healer Debug Snapshot	2026-02-22T00:57:10.8144221Z total 1752
gate-light-check	Workspace Healer Debug Snapshot	2026-02-22T00:57:10.8145216Z drwxr-xr-x 2 runner runner 20480 Feb 22 00:57 .
gate-light-check	Workspace Healer Debug Snapshot	2026-02-22T00:57:10.8145924Z drwxr-xr-x 8 runner runner  4096 Feb 22 00:57 ..
gate-light-check	Workspace Healer Debug Snapshot	2026-02-22T00:57:10.8146524Z ls: write error: Broken pipe
gate-light-check	Workspace Healer Debug Snapshot	2026-02-22T00:57:10.8147235Z -rw-r--r-- 1 runner runner    33 Feb 22 00:57 .budget_260221_004f.json
gate-light-check	Workspace Healer Debug Snapshot	2026-02-22T00:57:10.8148070Z -rw-r--r-- 1 runner runner    33 Feb 22 00:57 .budget_260221_005h.json
gate-light-check	Workspace Healer Debug Snapshot	2026-02-22T00:57:10.8148581Z -rw-r--r-- 1 runner runner    33 Feb 22 00:57 .budget_260221_005i.json
gate-light-check	Workspace Healer Debug Snapshot	2026-02-22T00:57:10.8149061Z -rw-r--r-- 1 runner runner    33 Feb 22 00:57 .budget_260221_005j.json
gate-light-check	Workspace Healer Debug Snapshot	2026-02-22T00:57:10.8149547Z -rw-r--r-- 1 runner runner    33 Feb 22 00:57 .budget_260221_005k.json
gate-light-check	Workspace Healer Debug Snapshot	2026-02-22T00:57:10.8150019Z -rw-r--r-- 1 runner runner    33 Feb 22 00:57 .budget_260221_005l.json
gate-light-check	Workspace Healer Debug Snapshot	2026-02-22T00:57:10.8150513Z -rw-r--r-- 1 runner runner    33 Feb 22 00:57 .budget_260221_005m.json
gate-light-check	Workspace Healer Debug Snapshot	2026-02-22T00:57:10.8160031Z {
gate-light-check	Workspace Healer Debug Snapshot	2026-02-22T00:57:10.8160406Z   "mode": "EnforceClean",
gate-light-check	Workspace Healer Debug Snapshot	2026-02-22T00:57:10.8161021Z   "repo_root": "/home/runner/work/OppOrder/OppOrder",
gate-light-check	Workspace Healer Debug Snapshot	2026-02-22T00:57:10.8161628Z   "branch": "HEAD",
gate-light-check	Workspace Healer Debug Snapshot	2026-02-22T00:57:10.8162061Z   "after": {
gate-light-check	Workspace Healer Debug Snapshot	2026-02-22T00:57:10.8162409Z     "untracked_count": 0,
gate-light-check	Workspace Healer Debug Snapshot	2026-02-22T00:57:10.8162860Z     "tracked_changed_count": 0,
gate-light-check	Workspace Healer Debug Snapshot	2026-02-22T00:57:10.8163510Z     "sample_paths": null
gate-light-check	Workspace Healer Debug Snapshot	2026-02-22T00:57:10.8164091Z   },
gate-light-check	Workspace Healer Debug Snapshot	2026-02-22T00:57:10.8164591Z   "head_commit": "b7b975ae19822e865cb26855806836adff676f60",
gate-light-check	Workspace Healer Debug Snapshot	2026-02-22T00:57:10.8165154Z   "reason": null,
gate-light-check	Workspace Healer Debug Snapshot	2026-02-22T00:57:10.8165477Z   "result": "PASS",
gate-light-check	Workspace Healer Debug Snapshot	2026-02-22T00:57:10.8165806Z   "cleaned_paths": [
gate-light-check	Workspace Healer Debug Snapshot	2026-02-22T00:57:10.8166164Z     "rules/task-reports",
gate-light-check	Workspace Healer Debug Snapshot	2026-02-22T00:57:10.8166586Z     "rules/task-reports/locks",
gate-light-check	Workspace Healer Debug Snapshot	2026-02-22T00:57:10.8166985Z     "rules/task-reports/runs"
gate-light-check	Workspace Healer Debug Snapshot	2026-02-22T00:57:10.8167362Z   ],
gate-light-check	Workspace Healer Debug Snapshot	2026-02-22T00:57:10.8167632Z   "before": {
gate-light-check	Workspace Healer Debug Snapshot	2026-02-22T00:57:10.8167949Z     "untracked_count": 0,
gate-light-check	Workspace Healer Debug Snapshot	2026-02-22T00:57:10.8168348Z     "tracked_changed_count": 0,
gate-light-check	Workspace Healer Debug Snapshot	2026-02-22T00:57:10.8168738Z     "sample_paths": null
gate-light-check	Workspace Healer Debug Snapshot	2026-02-22T00:57:10.8169074Z   }
gate-light-check	Workspace Healer Debug Snapshot	2026-02-22T00:57:10.8169341Z }
gate-light-check	Persist Workspace Healer Evidence	﻿2026-02-22T00:57:10.8193364Z ##[group]Run TASK_REF="${GITHUB_HEAD_REF}"
gate-light-check	Persist Workspace Healer Evidence	2026-02-22T00:57:10.8193707Z [36;1mTASK_REF="${GITHUB_HEAD_REF}"[0m
gate-light-check	Persist Workspace Healer Evidence	2026-02-22T00:57:10.8194222Z [36;1mif [ -z "$TASK_REF" ]; then[0m
gate-light-check	Persist Workspace Healer Evidence	2026-02-22T00:57:10.8194485Z [36;1m  TASK_REF="${GITHUB_REF_NAME}"[0m
gate-light-check	Persist Workspace Healer Evidence	2026-02-22T00:57:10.8194724Z [36;1mfi[0m
gate-light-check	Persist Workspace Healer Evidence	2026-02-22T00:57:10.8195049Z [36;1mPR_TASK_ID=$(echo "$TASK_REF" | grep -oE '[0-9]{6}_[0-9]{3}[A-Za-z]?' | head -n 1 || true)[0m
gate-light-check	Persist Workspace Healer Evidence	2026-02-22T00:57:10.8195457Z [36;1mYEAR="20${PR_TASK_ID:0:2}"[0m
gate-light-check	Persist Workspace Healer Evidence	2026-02-22T00:57:10.8195698Z [36;1mMONTH="${PR_TASK_ID:2:2}"[0m
gate-light-check	Persist Workspace Healer Evidence	2026-02-22T00:57:10.8196006Z [36;1mEVIDENCE_DIR="rules/task-reports/${YEAR}-${MONTH}"[0m
gate-light-check	Persist Workspace Healer Evidence	2026-02-22T00:57:10.8196327Z [36;1mecho "EVIDENCE_DIR=${EVIDENCE_DIR}"[0m
gate-light-check	Persist Workspace Healer Evidence	2026-02-22T00:57:10.8196596Z [36;1mecho "PR_TASK_ID=${PR_TASK_ID}"[0m
gate-light-check	Persist Workspace Healer Evidence	2026-02-22T00:57:10.8196861Z [36;1mecho "EVIDENCE_DIR=${EVIDENCE_DIR}"[0m
gate-light-check	Persist Workspace Healer Evidence	2026-02-22T00:57:10.8197115Z [36;1mecho "TASK_ID=${TASK_ID}"[0m
gate-light-check	Persist Workspace Healer Evidence	2026-02-22T00:57:10.8197370Z [36;1mecho "EVIDENCE_DIR=${EVIDENCE_DIR}"[0m
gate-light-check	Persist Workspace Healer Evidence	2026-02-22T00:57:10.8197646Z [36;1mecho "TASK_ID=${TASK_ID}"[0m
gate-light-check	Persist Workspace Healer Evidence	2026-02-22T00:57:10.8197891Z [36;1mecho "EVIDENCE_DIR=${EVIDENCE_DIR}"[0m
gate-light-check	Persist Workspace Healer Evidence	2026-02-22T00:57:10.8198136Z [36;1mecho "TASK_ID=${TASK_ID}"[0m
gate-light-check	Persist Workspace Healer Evidence	2026-02-22T00:57:10.8198378Z [36;1mecho "EVIDENCE_DIR=${EVIDENCE_DIR}"[0m
gate-light-check	Persist Workspace Healer Evidence	2026-02-22T00:57:10.8198622Z [36;1mecho "TASK_ID=${TASK_ID}"[0m
gate-light-check	Persist Workspace Healer Evidence	2026-02-22T00:57:10.8198860Z [36;1mecho "EVIDENCE_DIR=${EVIDENCE_DIR}"[0m
gate-light-check	Persist Workspace Healer Evidence	2026-02-22T00:57:10.8199101Z [36;1mecho "TASK_ID=${TASK_ID}"[0m
gate-light-check	Persist Workspace Healer Evidence	2026-02-22T00:57:10.8199338Z [36;1mecho "EVIDENCE_DIR=${EVIDENCE_DIR}"[0m
gate-light-check	Persist Workspace Healer Evidence	2026-02-22T00:57:10.8199587Z [36;1mecho "TASK_ID=${TASK_ID}"[0m
gate-light-check	Persist Workspace Healer Evidence	2026-02-22T00:57:10.8199819Z [36;1mecho "EVIDENCE_DIR=${EVIDENCE_DIR}"[0m
gate-light-check	Persist Workspace Healer Evidence	2026-02-22T00:57:10.8200082Z [36;1mecho "PR_TASK_ID=${PR_TASK_ID}"[0m
gate-light-check	Persist Workspace Healer Evidence	2026-02-22T00:57:10.8200336Z [36;1mecho "EVIDENCE_DIR=${EVIDENCE_DIR}"[0m
gate-light-check	Persist Workspace Healer Evidence	2026-02-22T00:57:10.8200692Z [36;1mEVIDENCE_FILE="${EVIDENCE_DIR}/workspace_healer_${PR_TASK_ID}.json"[0m
gate-light-check	Persist Workspace Healer Evidence	2026-02-22T00:57:10.8201334Z [36;1mif [ -n "$WORKSPACE_HEALER_TMP" ] && [ -f "$WORKSPACE_HEALER_TMP" ]; then[0m
gate-light-check	Persist Workspace Healer Evidence	2026-02-22T00:57:10.8201766Z [36;1m  cat "$WORKSPACE_HEALER_TMP" > "$EVIDENCE_FILE"[0m
gate-light-check	Persist Workspace Healer Evidence	2026-02-22T00:57:10.8202066Z [36;1mfi[0m
gate-light-check	Persist Workspace Healer Evidence	2026-02-22T00:57:10.8232395Z shell: /usr/bin/bash -e {0}
gate-light-check	Persist Workspace Healer Evidence	2026-02-22T00:57:10.8232621Z env:
gate-light-check	Persist Workspace Healer Evidence	2026-02-22T00:57:10.8232876Z   WORKSPACE_HEALER_TMP: /tmp/workspace_healer_260221_005r.json
gate-light-check	Persist Workspace Healer Evidence	2026-02-22T00:57:10.8233194Z ##[endgroup]
gate-light-check	Persist Workspace Healer Evidence	2026-02-22T00:57:10.8303735Z EVIDENCE_DIR=rules/task-reports/2026-02
gate-light-check	Persist Workspace Healer Evidence	2026-02-22T00:57:10.8304485Z PR_TASK_ID=260221_005r
gate-light-check	Persist Workspace Healer Evidence	2026-02-22T00:57:10.8304979Z EVIDENCE_DIR=rules/task-reports/2026-02
gate-light-check	Persist Workspace Healer Evidence	2026-02-22T00:57:10.8305418Z TASK_ID=
gate-light-check	Persist Workspace Healer Evidence	2026-02-22T00:57:10.8305810Z EVIDENCE_DIR=rules/task-reports/2026-02
gate-light-check	Persist Workspace Healer Evidence	2026-02-22T00:57:10.8306233Z TASK_ID=
gate-light-check	Persist Workspace Healer Evidence	2026-02-22T00:57:10.8306622Z EVIDENCE_DIR=rules/task-reports/2026-02
gate-light-check	Persist Workspace Healer Evidence	2026-02-22T00:57:10.8307029Z TASK_ID=
gate-light-check	Persist Workspace Healer Evidence	2026-02-22T00:57:10.8307411Z EVIDENCE_DIR=rules/task-reports/2026-02
gate-light-check	Persist Workspace Healer Evidence	2026-02-22T00:57:10.8307808Z TASK_ID=
gate-light-check	Persist Workspace Healer Evidence	2026-02-22T00:57:10.8308214Z EVIDENCE_DIR=rules/task-reports/2026-02
gate-light-check	Persist Workspace Healer Evidence	2026-02-22T00:57:10.8308623Z TASK_ID=
gate-light-check	Persist Workspace Healer Evidence	2026-02-22T00:57:10.8309003Z EVIDENCE_DIR=rules/task-reports/2026-02
gate-light-check	Persist Workspace Healer Evidence	2026-02-22T00:57:10.8309413Z TASK_ID=
gate-light-check	Persist Workspace Healer Evidence	2026-02-22T00:57:10.8309757Z EVIDENCE_DIR=rules/task-reports/2026-02
gate-light-check	Persist Workspace Healer Evidence	2026-02-22T00:57:10.8310036Z PR_TASK_ID=260221_005r
gate-light-check	Persist Workspace Healer Evidence	2026-02-22T00:57:10.8310305Z EVIDENCE_DIR=rules/task-reports/2026-02
gate-light-check	Verify Workspace Healer Evidence	﻿2026-02-22T00:57:10.8342013Z ##[group]Run TASK_REF="${GITHUB_HEAD_REF}"
gate-light-check	Verify Workspace Healer Evidence	2026-02-22T00:57:10.8342392Z [36;1mTASK_REF="${GITHUB_HEAD_REF}"[0m
gate-light-check	Verify Workspace Healer Evidence	2026-02-22T00:57:10.8342646Z [36;1mif [ -z "$TASK_REF" ]; then[0m
gate-light-check	Verify Workspace Healer Evidence	2026-02-22T00:57:10.8342899Z [36;1m  TASK_REF="${GITHUB_REF_NAME}"[0m
gate-light-check	Verify Workspace Healer Evidence	2026-02-22T00:57:10.8343145Z [36;1mfi[0m
gate-light-check	Verify Workspace Healer Evidence	2026-02-22T00:57:10.8343478Z [36;1mPR_TASK_ID=$(echo "$TASK_REF" | grep -oE '[0-9]{6}_[0-9]{3}[A-Za-z]?' | head -n 1 || true)[0m
gate-light-check	Verify Workspace Healer Evidence	2026-02-22T00:57:10.8344148Z [36;1mYEAR="20${PR_TASK_ID:0:2}"[0m
gate-light-check	Verify Workspace Healer Evidence	2026-02-22T00:57:10.8344408Z [36;1mMONTH="${PR_TASK_ID:2:2}"[0m
gate-light-check	Verify Workspace Healer Evidence	2026-02-22T00:57:10.8344706Z [36;1mEVIDENCE_DIR="rules/task-reports/${YEAR}-${MONTH}"[0m
gate-light-check	Verify Workspace Healer Evidence	2026-02-22T00:57:10.8345034Z [36;1mecho "PR_TASK_ID=${PR_TASK_ID}"[0m
gate-light-check	Verify Workspace Healer Evidence	2026-02-22T00:57:10.8345296Z [36;1mecho "EVIDENCE_DIR=${EVIDENCE_DIR}"[0m
gate-light-check	Verify Workspace Healer Evidence	2026-02-22T00:57:10.8345668Z [36;1mEVIDENCE_FILE="${EVIDENCE_DIR}/workspace_healer_${PR_TASK_ID}.json"[0m
gate-light-check	Verify Workspace Healer Evidence	2026-02-22T00:57:10.8346034Z [36;1mls -la "$EVIDENCE_DIR"[0m
gate-light-check	Verify Workspace Healer Evidence	2026-02-22T00:57:10.8346268Z [36;1mif [ ! -f "$EVIDENCE_FILE" ]; then[0m
gate-light-check	Verify Workspace Healer Evidence	2026-02-22T00:57:10.8346617Z [36;1m  echo "Missing workspace healer evidence: $EVIDENCE_FILE"[0m
gate-light-check	Verify Workspace Healer Evidence	2026-02-22T00:57:10.8346930Z [36;1m  exit 1[0m
gate-light-check	Verify Workspace Healer Evidence	2026-02-22T00:57:10.8347097Z [36;1mfi[0m
gate-light-check	Verify Workspace Healer Evidence	2026-02-22T00:57:10.8376898Z shell: /usr/bin/bash -e {0}
gate-light-check	Verify Workspace Healer Evidence	2026-02-22T00:57:10.8377137Z env:
gate-light-check	Verify Workspace Healer Evidence	2026-02-22T00:57:10.8377387Z   WORKSPACE_HEALER_TMP: /tmp/workspace_healer_260221_005r.json
gate-light-check	Verify Workspace Healer Evidence	2026-02-22T00:57:10.8377706Z ##[endgroup]
gate-light-check	Verify Workspace Healer Evidence	2026-02-22T00:57:10.8447286Z PR_TASK_ID=260221_005r
gate-light-check	Verify Workspace Healer Evidence	2026-02-22T00:57:10.8447741Z EVIDENCE_DIR=rules/task-reports/2026-02
gate-light-check	Verify Workspace Healer Evidence	2026-02-22T00:57:10.8480101Z total 1752
gate-light-check	Verify Workspace Healer Evidence	2026-02-22T00:57:10.8480741Z drwxr-xr-x 2 runner runner 20480 Feb 22 00:57 .
gate-light-check	Verify Workspace Healer Evidence	2026-02-22T00:57:10.8481416Z drwxr-xr-x 8 runner runner  4096 Feb 22 00:57 ..
gate-light-check	Verify Workspace Healer Evidence	2026-02-22T00:57:10.8482228Z -rw-r--r-- 1 runner runner    33 Feb 22 00:57 .budget_260221_004f.json
gate-light-check	Verify Workspace Healer Evidence	2026-02-22T00:57:10.8483118Z -rw-r--r-- 1 runner runner    33 Feb 22 00:57 .budget_260221_005h.json
gate-light-check	Verify Workspace Healer Evidence	2026-02-22T00:57:10.8484124Z -rw-r--r-- 1 runner runner    33 Feb 22 00:57 .budget_260221_005i.json
gate-light-check	Verify Workspace Healer Evidence	2026-02-22T00:57:10.8484993Z -rw-r--r-- 1 runner runner    33 Feb 22 00:57 .budget_260221_005j.json
gate-light-check	Verify Workspace Healer Evidence	2026-02-22T00:57:10.8485489Z -rw-r--r-- 1 runner runner    33 Feb 22 00:57 .budget_260221_005k.json
gate-light-check	Verify Workspace Healer Evidence	2026-02-22T00:57:10.8485952Z -rw-r--r-- 1 runner runner    33 Feb 22 00:57 .budget_260221_005l.json
gate-light-check	Verify Workspace Healer Evidence	2026-02-22T00:57:10.8486436Z -rw-r--r-- 1 runner runner    33 Feb 22 00:57 .budget_260221_005m.json
gate-light-check	Verify Workspace Healer Evidence	2026-02-22T00:57:10.8486927Z -rw-r--r-- 1 runner runner    33 Feb 22 00:57 .budget_260221_005n.json
gate-light-check	Verify Workspace Healer Evidence	2026-02-22T00:57:10.8487849Z -rw-r--r-- 1 runner runner    33 Feb 22 00:57 .budget_260221_005o.json
gate-light-check	Verify Workspace Healer Evidence	2026-02-22T00:57:10.8488945Z -rw-r--r-- 1 runner runner    33 Feb 22 00:57 .budget_260221_005r.json
gate-light-check	Verify Workspace Healer Evidence	2026-02-22T00:57:10.8489407Z -rw-r--r-- 1 runner runner   869 Feb 22 00:57 260219_001.json
gate-light-check	Verify Workspace Healer Evidence	2026-02-22T00:57:10.8489925Z -rw-r--r-- 1 runner runner   171 Feb 22 00:57 260219_001_healthcheck_53122_pairs.txt
gate-light-check	Verify Workspace Healer Evidence	2026-02-22T00:57:10.8490507Z -rw-r--r-- 1 runner runner   166 Feb 22 00:57 260219_001_healthcheck_53122_root.txt
gate-light-check	Verify Workspace Healer Evidence	2026-02-22T00:57:10.8491075Z -rw-r--r-- 1 runner runner   171 Feb 22 00:57 260219_004_healthcheck_53122_pairs.txt
gate-light-check	Verify Workspace Healer Evidence	2026-02-22T00:57:10.8491633Z -rw-r--r-- 1 runner runner   166 Feb 22 00:57 260219_004_healthcheck_53122_root.txt
gate-light-check	Verify Workspace Healer Evidence	2026-02-22T00:57:10.8492118Z -rw-r--r-- 1 runner runner  1168 Feb 22 00:57 260221_004a.json
gate-light-check	Verify Workspace Healer Evidence	2026-02-22T00:57:10.8492620Z -rw-r--r-- 1 runner runner   171 Feb 22 00:57 260221_004a_healthcheck_53122_pairs.txt
gate-light-check	Verify Workspace Healer Evidence	2026-02-22T00:57:10.8493185Z -rw-r--r-- 1 runner runner   166 Feb 22 00:57 260221_004a_healthcheck_53122_root.txt
gate-light-check	Verify Workspace Healer Evidence	2026-02-22T00:57:10.8493747Z -rw-r--r-- 1 runner runner   171 Feb 22 00:57 260221_004f_healthcheck_53122_pairs.txt
gate-light-check	Verify Workspace Healer Evidence	2026-02-22T00:57:10.8494551Z -rw-r--r-- 1 runner runner   166 Feb 22 00:57 260221_004f_healthcheck_53122_root.txt
gate-light-check	Verify Workspace Healer Evidence	2026-02-22T00:57:10.8495044Z -rw-r--r-- 1 runner runner   870 Feb 22 00:57 260221_005h.json
gate-light-check	Verify Workspace Healer Evidence	2026-02-22T00:57:10.8495570Z -rw-r--r-- 1 runner runner   171 Feb 22 00:57 260221_005h_healthcheck_53122_pairs.txt
gate-light-check	Verify Workspace Healer Evidence	2026-02-22T00:57:10.8496352Z -rw-r--r-- 1 runner runner   166 Feb 22 00:57 260221_005h_healthcheck_53122_root.txt
gate-light-check	Verify Workspace Healer Evidence	2026-02-22T00:57:10.8496835Z -rw-r--r-- 1 runner runner   870 Feb 22 00:57 260221_005i.json
gate-light-check	Verify Workspace Healer Evidence	2026-02-22T00:57:10.8497320Z -rw-r--r-- 1 runner runner   171 Feb 22 00:57 260221_005i_healthcheck_53122_pairs.txt
gate-light-check	Verify Workspace Healer Evidence	2026-02-22T00:57:10.8497868Z -rw-r--r-- 1 runner runner   166 Feb 22 00:57 260221_005i_healthcheck_53122_root.txt
gate-light-check	Verify Workspace Healer Evidence	2026-02-22T00:57:10.8498340Z -rw-r--r-- 1 runner runner   870 Feb 22 00:57 260221_005j.json
gate-light-check	Verify Workspace Healer Evidence	2026-02-22T00:57:10.8498852Z -rw-r--r-- 1 runner runner   171 Feb 22 00:57 260221_005j_healthcheck_53122_pairs.txt
gate-light-check	Verify Workspace Healer Evidence	2026-02-22T00:57:10.8499420Z -rw-r--r-- 1 runner runner   166 Feb 22 00:57 260221_005j_healthcheck_53122_root.txt
gate-light-check	Verify Workspace Healer Evidence	2026-02-22T00:57:10.8499897Z -rw-r--r-- 1 runner runner   870 Feb 22 00:57 260221_005k.json
gate-light-check	Verify Workspace Healer Evidence	2026-02-22T00:57:10.8500379Z -rw-r--r-- 1 runner runner   171 Feb 22 00:57 260221_005k_healthcheck_53122_pairs.txt
gate-light-check	Verify Workspace Healer Evidence	2026-02-22T00:57:10.8500924Z -rw-r--r-- 1 runner runner   166 Feb 22 00:57 260221_005k_healthcheck_53122_root.txt
gate-light-check	Verify Workspace Healer Evidence	2026-02-22T00:57:10.8501400Z -rw-r--r-- 1 runner runner   870 Feb 22 00:57 260221_005l.json
gate-light-check	Verify Workspace Healer Evidence	2026-02-22T00:57:10.8501877Z -rw-r--r-- 1 runner runner   171 Feb 22 00:57 260221_005l_healthcheck_53122_pairs.txt
gate-light-check	Verify Workspace Healer Evidence	2026-02-22T00:57:10.8502421Z -rw-r--r-- 1 runner runner   166 Feb 22 00:57 260221_005l_healthcheck_53122_root.txt
gate-light-check	Verify Workspace Healer Evidence	2026-02-22T00:57:10.8502891Z -rw-r--r-- 1 runner runner   870 Feb 22 00:57 260221_005m.json
gate-light-check	Verify Workspace Healer Evidence	2026-02-22T00:57:10.8503376Z -rw-r--r-- 1 runner runner   171 Feb 22 00:57 260221_005m_healthcheck_53122_pairs.txt
gate-light-check	Verify Workspace Healer Evidence	2026-02-22T00:57:10.8504156Z -rw-r--r-- 1 runner runner   166 Feb 22 00:57 260221_005m_healthcheck_53122_root.txt
gate-light-check	Verify Workspace Healer Evidence	2026-02-22T00:57:10.8504650Z -rw-r--r-- 1 runner runner   870 Feb 22 00:57 260221_005n.json
gate-light-check	Verify Workspace Healer Evidence	2026-02-22T00:57:10.8505146Z -rw-r--r-- 1 runner runner   171 Feb 22 00:57 260221_005n_healthcheck_53122_pairs.txt
gate-light-check	Verify Workspace Healer Evidence	2026-02-22T00:57:10.8505700Z -rw-r--r-- 1 runner runner   166 Feb 22 00:57 260221_005n_healthcheck_53122_root.txt
gate-light-check	Verify Workspace Healer Evidence	2026-02-22T00:57:10.8506173Z -rw-r--r-- 1 runner runner   870 Feb 22 00:57 260221_005o.json
gate-light-check	Verify Workspace Healer Evidence	2026-02-22T00:57:10.8506658Z -rw-r--r-- 1 runner runner   171 Feb 22 00:57 260221_005o_healthcheck_53122_pairs.txt
gate-light-check	Verify Workspace Healer Evidence	2026-02-22T00:57:10.8507208Z -rw-r--r-- 1 runner runner   166 Feb 22 00:57 260221_005o_healthcheck_53122_root.txt
gate-light-check	Verify Workspace Healer Evidence	2026-02-22T00:57:10.8507671Z -rw-r--r-- 1 runner runner   870 Feb 22 00:57 260221_005r.json
gate-light-check	Verify Workspace Healer Evidence	2026-02-22T00:57:10.8508149Z -rw-r--r-- 1 runner runner   171 Feb 22 00:57 260221_005r_healthcheck_53122_pairs.txt
gate-light-check	Verify Workspace Healer Evidence	2026-02-22T00:57:10.8508690Z -rw-r--r-- 1 runner runner   166 Feb 22 00:57 260221_005r_healthcheck_53122_root.txt
gate-light-check	Verify Workspace Healer Evidence	2026-02-22T00:57:10.8509325Z -rw-r--r-- 1 runner runner   276 Feb 22 00:57 auto_pr_260219_001.json
gate-light-check	Verify Workspace Healer Evidence	2026-02-22T00:57:10.8509795Z -rw-r--r-- 1 runner runner   539 Feb 22 00:57 auto_pr_260221_004a.json
gate-light-check	Verify Workspace Healer Evidence	2026-02-22T00:57:10.8510254Z -rw-r--r-- 1 runner runner   541 Feb 22 00:57 auto_pr_260221_004f.json
gate-light-check	Verify Workspace Healer Evidence	2026-02-22T00:57:10.8510703Z -rw-r--r-- 1 runner runner   533 Feb 22 00:57 auto_pr_260221_005h.json
gate-light-check	Verify Workspace Healer Evidence	2026-02-22T00:57:10.8511163Z -rw-r--r-- 1 runner runner   533 Feb 22 00:57 auto_pr_260221_005i.json
gate-light-check	Verify Workspace Healer Evidence	2026-02-22T00:57:10.8511615Z -rw-r--r-- 1 runner runner   533 Feb 22 00:57 auto_pr_260221_005j.json
gate-light-check	Verify Workspace Healer Evidence	2026-02-22T00:57:10.8512063Z -rw-r--r-- 1 runner runner   533 Feb 22 00:57 auto_pr_260221_005k.json
gate-light-check	Verify Workspace Healer Evidence	2026-02-22T00:57:10.8512513Z -rw-r--r-- 1 runner runner   533 Feb 22 00:57 auto_pr_260221_005l.json
gate-light-check	Verify Workspace Healer Evidence	2026-02-22T00:57:10.8512964Z -rw-r--r-- 1 runner runner   533 Feb 22 00:57 auto_pr_260221_005m.json
gate-light-check	Verify Workspace Healer Evidence	2026-02-22T00:57:10.8513410Z -rw-r--r-- 1 runner runner   533 Feb 22 00:57 auto_pr_260221_005n.json
gate-light-check	Verify Workspace Healer Evidence	2026-02-22T00:57:10.8514035Z -rw-r--r-- 1 runner runner   533 Feb 22 00:57 auto_pr_260221_005o.json
gate-light-check	Verify Workspace Healer Evidence	2026-02-22T00:57:10.8514500Z -rw-r--r-- 1 runner runner   533 Feb 22 00:57 auto_pr_260221_005r.json
gate-light-check	Verify Workspace Healer Evidence	2026-02-22T00:57:10.8515019Z -rw-r--r-- 1 runner runner   593 Feb 22 00:57 ci_dod_requirements_260219_004_FIX3.txt
gate-light-check	Verify Workspace Healer Evidence	2026-02-22T00:57:10.8515536Z -rw-r--r-- 1 runner runner  1968 Feb 22 00:57 ci_parity_260219_001.json
gate-light-check	Verify Workspace Healer Evidence	2026-02-22T00:57:10.8516186Z -rw-r--r-- 1 runner runner  2039 Feb 22 00:57 ci_parity_260219_004.json
gate-light-check	Verify Workspace Healer Evidence	2026-02-22T00:57:10.8516689Z -rw-r--r-- 1 runner runner   572 Feb 22 00:57 ci_parity_260221_004a.json
gate-light-check	Verify Workspace Healer Evidence	2026-02-22T00:57:10.8517186Z -rw-r--r-- 1 runner runner  2278 Feb 22 00:57 ci_parity_260221_004f.json
gate-light-check	Verify Workspace Healer Evidence	2026-02-22T00:57:10.8517664Z -rw-r--r-- 1 runner runner   528 Feb 22 00:57 ci_parity_260221_005h.json
gate-light-check	Verify Workspace Healer Evidence	2026-02-22T00:57:10.8518140Z -rw-r--r-- 1 runner runner  2145 Feb 22 00:57 ci_parity_260221_005i.json
gate-light-check	Verify Workspace Healer Evidence	2026-02-22T00:57:10.8518616Z -rw-r--r-- 1 runner runner  3693 Feb 22 00:57 ci_parity_260221_005j.json
gate-light-check	Verify Workspace Healer Evidence	2026-02-22T00:57:10.8519106Z -rw-r--r-- 1 runner runner  5241 Feb 22 00:57 ci_parity_260221_005k.json
gate-light-check	Verify Workspace Healer Evidence	2026-02-22T00:57:10.8519590Z -rw-r--r-- 1 runner runner  6790 Feb 22 00:57 ci_parity_260221_005l.json
gate-light-check	Verify Workspace Healer Evidence	2026-02-22T00:57:10.8520067Z -rw-r--r-- 1 runner runner  8407 Feb 22 00:57 ci_parity_260221_005m.json
gate-light-check	Verify Workspace Healer Evidence	2026-02-22T00:57:10.8520537Z -rw-r--r-- 1 runner runner 10024 Feb 22 00:57 ci_parity_260221_005n.json
gate-light-check	Verify Workspace Healer Evidence	2026-02-22T00:57:10.8521019Z -rw-r--r-- 1 runner runner 11687 Feb 22 00:57 ci_parity_260221_005o.json
gate-light-check	Verify Workspace Healer Evidence	2026-02-22T00:57:10.8521488Z -rw-r--r-- 1 runner runner 13236 Feb 22 00:57 ci_parity_260221_005r.json
gate-light-check	Verify Workspace Healer Evidence	2026-02-22T00:57:10.8522002Z -rw-r--r-- 1 runner runner   375 Feb 22 00:57 contract_self_check_260221_005h.txt
gate-light-check	Verify Workspace Healer Evidence	2026-02-22T00:57:10.8522545Z -rw-r--r-- 1 runner runner   375 Feb 22 00:57 contract_self_check_260221_005i.txt
gate-light-check	Verify Workspace Healer Evidence	2026-02-22T00:57:10.8523073Z -rw-r--r-- 1 runner runner   276 Feb 22 00:57 contract_self_check_260221_005j.txt
gate-light-check	Verify Workspace Healer Evidence	2026-02-22T00:57:10.8523614Z -rw-r--r-- 1 runner runner   276 Feb 22 00:57 contract_self_check_260221_005k.txt
gate-light-check	Verify Workspace Healer Evidence	2026-02-22T00:57:10.8524375Z -rw-r--r-- 1 runner runner   276 Feb 22 00:57 contract_self_check_260221_005l.txt
gate-light-check	Verify Workspace Healer Evidence	2026-02-22T00:57:10.8524908Z -rw-r--r-- 1 runner runner   276 Feb 22 00:57 contract_self_check_260221_005m.txt
gate-light-check	Verify Workspace Healer Evidence	2026-02-22T00:57:10.8525441Z -rw-r--r-- 1 runner runner   276 Feb 22 00:57 contract_self_check_260221_005n.txt
gate-light-check	Verify Workspace Healer Evidence	2026-02-22T00:57:10.8525986Z -rw-r--r-- 1 runner runner   276 Feb 22 00:57 contract_self_check_260221_005o.txt
gate-light-check	Verify Workspace Healer Evidence	2026-02-22T00:57:10.8526525Z -rw-r--r-- 1 runner runner   276 Feb 22 00:57 contract_self_check_260221_005r.txt
gate-light-check	Verify Workspace Healer Evidence	2026-02-22T00:57:10.8527059Z -rw-r--r-- 1 runner runner  1878 Feb 22 00:57 deliverables_index_260219_001.json
gate-light-check	Verify Workspace Healer Evidence	2026-02-22T00:57:10.8527607Z -rw-r--r-- 1 runner runner  1884 Feb 22 00:57 deliverables_index_260219_004.json
gate-light-check	Verify Workspace Healer Evidence	2026-02-22T00:57:10.8528142Z -rw-r--r-- 1 runner runner  1904 Feb 22 00:57 deliverables_index_260221_004a.json
gate-light-check	Verify Workspace Healer Evidence	2026-02-22T00:57:10.8528675Z -rw-r--r-- 1 runner runner  1904 Feb 22 00:57 deliverables_index_260221_004f.json
gate-light-check	Verify Workspace Healer Evidence	2026-02-22T00:57:10.8529352Z -rw-r--r-- 1 runner runner  2022 Feb 22 00:57 deliverables_index_260221_005h.json
gate-light-check	Verify Workspace Healer Evidence	2026-02-22T00:57:10.8529899Z -rw-r--r-- 1 runner runner  2130 Feb 22 00:57 deliverables_index_260221_005i.json
gate-light-check	Verify Workspace Healer Evidence	2026-02-22T00:57:10.8530428Z -rw-r--r-- 1 runner runner  2130 Feb 22 00:57 deliverables_index_260221_005j.json
gate-light-check	Verify Workspace Healer Evidence	2026-02-22T00:57:10.8530963Z -rw-r--r-- 1 runner runner  2130 Feb 22 00:57 deliverables_index_260221_005k.json
gate-light-check	Verify Workspace Healer Evidence	2026-02-22T00:57:10.8531505Z -rw-r--r-- 1 runner runner  2130 Feb 22 00:57 deliverables_index_260221_005l.json
gate-light-check	Verify Workspace Healer Evidence	2026-02-22T00:57:10.8532037Z -rw-r--r-- 1 runner runner  2130 Feb 22 00:57 deliverables_index_260221_005m.json
gate-light-check	Verify Workspace Healer Evidence	2026-02-22T00:57:10.8532574Z -rw-r--r-- 1 runner runner  2131 Feb 22 00:57 deliverables_index_260221_005n.json
gate-light-check	Verify Workspace Healer Evidence	2026-02-22T00:57:10.8533110Z -rw-r--r-- 1 runner runner  2131 Feb 22 00:57 deliverables_index_260221_005o.json
gate-light-check	Verify Workspace Healer Evidence	2026-02-22T00:57:10.8533637Z -rw-r--r-- 1 runner runner  2131 Feb 22 00:57 deliverables_index_260221_005r.json
gate-light-check	Verify Workspace Healer Evidence	2026-02-22T00:57:10.8534522Z -rw-r--r-- 1 runner runner    87 Feb 22 00:57 dod_evidence_260219_001.txt
gate-light-check	Verify Workspace Healer Evidence	2026-02-22T00:57:10.8535025Z -rw-r--r-- 1 runner runner   281 Feb 22 00:57 dod_evidence_260219_004.txt
gate-light-check	Verify Workspace Healer Evidence	2026-02-22T00:57:10.8535518Z -rw-r--r-- 1 runner runner   329 Feb 22 00:57 dod_evidence_260221_004a.txt
gate-light-check	Verify Workspace Healer Evidence	2026-02-22T00:57:10.8536015Z -rw-r--r-- 1 runner runner   309 Feb 22 00:57 dod_evidence_260221_004f.txt
gate-light-check	Verify Workspace Healer Evidence	2026-02-22T00:57:10.8536494Z -rw-r--r-- 1 runner runner   140 Feb 22 00:57 dod_evidence_260221_005h.txt
gate-light-check	Verify Workspace Healer Evidence	2026-02-22T00:57:10.8537122Z -rw-r--r-- 1 runner runner   140 Feb 22 00:57 dod_evidence_260221_005i.txt
gate-light-check	Verify Workspace Healer Evidence	2026-02-22T00:57:10.8537614Z -rw-r--r-- 1 runner runner   140 Feb 22 00:57 dod_evidence_260221_005j.txt
gate-light-check	Verify Workspace Healer Evidence	2026-02-22T00:57:10.8538095Z -rw-r--r-- 1 runner runner   140 Feb 22 00:57 dod_evidence_260221_005k.txt
gate-light-check	Verify Workspace Healer Evidence	2026-02-22T00:57:10.8538579Z -rw-r--r-- 1 runner runner   140 Feb 22 00:57 dod_evidence_260221_005l.txt
gate-light-check	Verify Workspace Healer Evidence	2026-02-22T00:57:10.8539068Z -rw-r--r-- 1 runner runner   140 Feb 22 00:57 dod_evidence_260221_005m.txt
gate-light-check	Verify Workspace Healer Evidence	2026-02-22T00:57:10.8539641Z -rw-r--r-- 1 runner runner   140 Feb 22 00:57 dod_evidence_260221_005n.txt
gate-light-check	Verify Workspace Healer Evidence	2026-02-22T00:57:10.8540126Z -rw-r--r-- 1 runner runner   140 Feb 22 00:57 dod_evidence_260221_005o.txt
gate-light-check	Verify Workspace Healer Evidence	2026-02-22T00:57:10.8540609Z -rw-r--r-- 1 runner runner   140 Feb 22 00:57 dod_evidence_260221_005r.txt
gate-light-check	Verify Workspace Healer Evidence	2026-02-22T00:57:10.8541084Z -rw-r--r-- 1 runner runner    69 Feb 22 00:57 errors_260219_001.jsonl
gate-light-check	Verify Workspace Healer Evidence	2026-02-22T00:57:10.8541545Z -rw-r--r-- 1 runner runner     3 Feb 22 00:57 errors_260219_004.jsonl
gate-light-check	Verify Workspace Healer Evidence	2026-02-22T00:57:10.8542011Z -rw-r--r-- 1 runner runner   223 Feb 22 00:57 errors_260221_004a.jsonl
gate-light-check	Verify Workspace Healer Evidence	2026-02-22T00:57:10.8542483Z -rw-r--r-- 1 runner runner   223 Feb 22 00:57 errors_260221_004f.jsonl
gate-light-check	Verify Workspace Healer Evidence	2026-02-22T00:57:10.8542943Z -rw-r--r-- 1 runner runner   223 Feb 22 00:57 errors_260221_005h.jsonl
gate-light-check	Verify Workspace Healer Evidence	2026-02-22T00:57:10.8543406Z -rw-r--r-- 1 runner runner   223 Feb 22 00:57 errors_260221_005i.jsonl
gate-light-check	Verify Workspace Healer Evidence	2026-02-22T00:57:10.8544082Z -rw-r--r-- 1 runner runner   223 Feb 22 00:57 errors_260221_005j.jsonl
gate-light-check	Verify Workspace Healer Evidence	2026-02-22T00:57:10.8544569Z -rw-r--r-- 1 runner runner   223 Feb 22 00:57 errors_260221_005k.jsonl
gate-light-check	Verify Workspace Healer Evidence	2026-02-22T00:57:10.8545044Z -rw-r--r-- 1 runner runner   223 Feb 22 00:57 errors_260221_005l.jsonl
gate-light-check	Verify Workspace Healer Evidence	2026-02-22T00:57:10.8545509Z -rw-r--r-- 1 runner runner   223 Feb 22 00:57 errors_260221_005m.jsonl
gate-light-check	Verify Workspace Healer Evidence	2026-02-22T00:57:10.8545961Z -rw-r--r-- 1 runner runner   223 Feb 22 00:57 errors_260221_005n.jsonl
gate-light-check	Verify Workspace Healer Evidence	2026-02-22T00:57:10.8546417Z -rw-r--r-- 1 runner runner   223 Feb 22 00:57 errors_260221_005o.jsonl
gate-light-check	Verify Workspace Healer Evidence	2026-02-22T00:57:10.8546879Z -rw-r--r-- 1 runner runner   223 Feb 22 00:57 errors_260221_005r.jsonl
gate-light-check	Verify Workspace Healer Evidence	2026-02-22T00:57:10.8547357Z -rw-r--r-- 1 runner runner    87 Feb 22 00:57 errors_summary_260219_001.txt
gate-light-check	Verify Workspace Healer Evidence	2026-02-22T00:57:10.8547863Z -rw-r--r-- 1 runner runner    20 Feb 22 00:57 errors_summary_260219_004.txt
gate-light-check	Verify Workspace Healer Evidence	2026-02-22T00:57:10.8548366Z -rw-r--r-- 1 runner runner   147 Feb 22 00:57 errors_summary_260221_004a.txt
gate-light-check	Verify Workspace Healer Evidence	2026-02-22T00:57:10.8548880Z -rw-r--r-- 1 runner runner   147 Feb 22 00:57 errors_summary_260221_004f.txt
gate-light-check	Verify Workspace Healer Evidence	2026-02-22T00:57:10.8549530Z -rw-r--r-- 1 runner runner   208 Feb 22 00:57 errors_summary_260221_005h.txt
gate-light-check	Verify Workspace Healer Evidence	2026-02-22T00:57:10.8550031Z -rw-r--r-- 1 runner runner   208 Feb 22 00:57 errors_summary_260221_005i.txt
gate-light-check	Verify Workspace Healer Evidence	2026-02-22T00:57:10.8550535Z -rw-r--r-- 1 runner runner   208 Feb 22 00:57 errors_summary_260221_005j.txt
gate-light-check	Verify Workspace Healer Evidence	2026-02-22T00:57:10.8551038Z -rw-r--r-- 1 runner runner   208 Feb 22 00:57 errors_summary_260221_005k.txt
gate-light-check	Verify Workspace Healer Evidence	2026-02-22T00:57:10.8551544Z -rw-r--r-- 1 runner runner   208 Feb 22 00:57 errors_summary_260221_005l.txt
gate-light-check	Verify Workspace Healer Evidence	2026-02-22T00:57:10.8552049Z -rw-r--r-- 1 runner runner   208 Feb 22 00:57 errors_summary_260221_005m.txt
gate-light-check	Verify Workspace Healer Evidence	2026-02-22T00:57:10.8552555Z -rw-r--r-- 1 runner runner   208 Feb 22 00:57 errors_summary_260221_005n.txt
gate-light-check	Verify Workspace Healer Evidence	2026-02-22T00:57:10.8553056Z -rw-r--r-- 1 runner runner   208 Feb 22 00:57 errors_summary_260221_005o.txt
gate-light-check	Verify Workspace Healer Evidence	2026-02-22T00:57:10.8553569Z -rw-r--r-- 1 runner runner   208 Feb 22 00:57 errors_summary_260221_005r.txt
gate-light-check	Verify Workspace Healer Evidence	2026-02-22T00:57:10.8554275Z -rw-r--r-- 1 runner runner   795 Feb 22 00:57 evidence_manifest_260219_001.json
gate-light-check	Verify Workspace Healer Evidence	2026-02-22T00:57:10.8554824Z -rw-r--r-- 1 runner runner   764 Feb 22 00:57 evidence_manifest_260219_004.json
gate-light-check	Verify Workspace Healer Evidence	2026-02-22T00:57:10.8555365Z -rw-r--r-- 1 runner runner   797 Feb 22 00:57 evidence_manifest_260221_004a.json
gate-light-check	Verify Workspace Healer Evidence	2026-02-22T00:57:10.8555896Z -rw-r--r-- 1 runner runner   797 Feb 22 00:57 evidence_manifest_260221_004f.json
gate-light-check	Verify Workspace Healer Evidence	2026-02-22T00:57:10.8556428Z -rw-r--r-- 1 runner runner   872 Feb 22 00:57 evidence_manifest_260221_005h.json
gate-light-check	Verify Workspace Healer Evidence	2026-02-22T00:57:10.8557109Z -rw-r--r-- 1 runner runner   872 Feb 22 00:57 evidence_manifest_260221_005i.json
gate-light-check	Verify Workspace Healer Evidence	2026-02-22T00:57:10.8557636Z -rw-r--r-- 1 runner runner   872 Feb 22 00:57 evidence_manifest_260221_005j.json
gate-light-check	Verify Workspace Healer Evidence	2026-02-22T00:57:10.8558166Z -rw-r--r-- 1 runner runner   872 Feb 22 00:57 evidence_manifest_260221_005k.json
gate-light-check	Verify Workspace Healer Evidence	2026-02-22T00:57:10.8558697Z -rw-r--r-- 1 runner runner   872 Feb 22 00:57 evidence_manifest_260221_005l.json
gate-light-check	Verify Workspace Healer Evidence	2026-02-22T00:57:10.8559217Z -rw-r--r-- 1 runner runner   872 Feb 22 00:57 evidence_manifest_260221_005m.json
gate-light-check	Verify Workspace Healer Evidence	2026-02-22T00:57:10.8559748Z -rw-r--r-- 1 runner runner   872 Feb 22 00:57 evidence_manifest_260221_005n.json
gate-light-check	Verify Workspace Healer Evidence	2026-02-22T00:57:10.8560275Z -rw-r--r-- 1 runner runner   872 Feb 22 00:57 evidence_manifest_260221_005o.json
gate-light-check	Verify Workspace Healer Evidence	2026-02-22T00:57:10.8560794Z -rw-r--r-- 1 runner runner   856 Feb 22 00:57 evidence_manifest_260221_005r.json
gate-light-check	Verify Workspace Healer Evidence	2026-02-22T00:57:10.8561322Z -rw-r--r-- 1 runner runner    22 Feb 22 00:57 gate_light_preview_260219_001.log
gate-light-check	Verify Workspace Healer Evidence	2026-02-22T00:57:10.8561855Z -rw-r--r-- 1 runner runner  5754 Feb 22 00:57 gate_light_preview_260219_004.log
gate-light-check	Verify Workspace Healer Evidence	2026-02-22T00:57:10.8562377Z -rw-r--r-- 1 runner runner  4993 Feb 22 00:57 gate_light_preview_260221_004a.log
gate-light-check	Verify Workspace Healer Evidence	2026-02-22T00:57:10.8562907Z -rw-r--r-- 1 runner runner  4993 Feb 22 00:57 gate_light_preview_260221_004f.log
gate-light-check	Verify Workspace Healer Evidence	2026-02-22T00:57:10.8563437Z -rw-r--r-- 1 runner runner  4993 Feb 22 00:57 gate_light_preview_260221_005h.log
gate-light-check	Verify Workspace Healer Evidence	2026-02-22T00:57:10.8564183Z -rw-r--r-- 1 runner runner  4993 Feb 22 00:57 gate_light_preview_260221_005i.log
gate-light-check	Verify Workspace Healer Evidence	2026-02-22T00:57:10.8564737Z -rw-r--r-- 1 runner runner  4993 Feb 22 00:57 gate_light_preview_260221_005j.log
gate-light-check	Verify Workspace Healer Evidence	2026-02-22T00:57:10.8565277Z -rw-r--r-- 1 runner runner  4993 Feb 22 00:57 gate_light_preview_260221_005k.log
gate-light-check	Verify Workspace Healer Evidence	2026-02-22T00:57:10.8565803Z -rw-r--r-- 1 runner runner  4993 Feb 22 00:57 gate_light_preview_260221_005l.log
gate-light-check	Verify Workspace Healer Evidence	2026-02-22T00:57:10.8566330Z -rw-r--r-- 1 runner runner  4918 Feb 22 00:57 gate_light_preview_260221_005l.txt
gate-light-check	Verify Workspace Healer Evidence	2026-02-22T00:57:10.8566852Z -rw-r--r-- 1 runner runner  4993 Feb 22 00:57 gate_light_preview_260221_005m.log
gate-light-check	Verify Workspace Healer Evidence	2026-02-22T00:57:10.8567384Z -rw-r--r-- 1 runner runner  4918 Feb 22 00:57 gate_light_preview_260221_005m.txt
gate-light-check	Verify Workspace Healer Evidence	2026-02-22T00:57:10.8567913Z -rw-r--r-- 1 runner runner  4993 Feb 22 00:57 gate_light_preview_260221_005n.log
gate-light-check	Verify Workspace Healer Evidence	2026-02-22T00:57:10.8568436Z -rw-r--r-- 1 runner runner  4918 Feb 22 00:57 gate_light_preview_260221_005n.txt
gate-light-check	Verify Workspace Healer Evidence	2026-02-22T00:57:10.8568963Z -rw-r--r-- 1 runner runner  4993 Feb 22 00:57 gate_light_preview_260221_005o.log
gate-light-check	Verify Workspace Healer Evidence	2026-02-22T00:57:10.8569492Z -rw-r--r-- 1 runner runner  3281 Feb 22 00:57 gate_light_preview_260221_005o.txt
gate-light-check	Verify Workspace Healer Evidence	2026-02-22T00:57:10.8570144Z -rw-r--r-- 1 runner runner  5350 Feb 22 00:57 gate_light_preview_260221_005r.log
gate-light-check	Verify Workspace Healer Evidence	2026-02-22T00:57:10.8570679Z -rw-r--r-- 1 runner runner  3739 Feb 22 00:57 gate_light_preview_260221_005r.txt
gate-light-check	Verify Workspace Healer Evidence	2026-02-22T00:57:10.8571207Z -rw-r--r-- 1 runner runner  3735 Feb 22 00:57 generate_evidence_260216_002.mjs
gate-light-check	Verify Workspace Healer Evidence	2026-02-22T00:57:10.8571726Z -rw-r--r-- 1 runner runner  3766 Feb 22 00:57 generate_evidence_260216_003.js
gate-light-check	Verify Workspace Healer Evidence	2026-02-22T00:57:10.8572250Z -rw-r--r-- 1 runner runner  4356 Feb 22 00:57 generate_evidence_260216_004.js
gate-light-check	Verify Workspace Healer Evidence	2026-02-22T00:57:10.8572767Z -rw-r--r-- 1 runner runner  4776 Feb 22 00:57 generate_evidence_260216_008.js
gate-light-check	Verify Workspace Healer Evidence	2026-02-22T00:57:10.8573484Z -rw-r--r-- 1 runner runner  4295 Feb 22 00:57 generate_evidence_260216_009_WorkflowReleaseGate_FailBudget_NonInteractive.js
gate-light-check	Verify Workspace Healer Evidence	2026-02-22T00:57:10.8574645Z -rw-r--r-- 1 runner runner  2494 Feb 22 00:57 generate_evidence_260216_010.js
gate-light-check	Verify Workspace Healer Evidence	2026-02-22T00:57:10.8575184Z -rw-r--r-- 1 runner runner  2184 Feb 22 00:57 generate_evidence_260218_011.js
gate-light-check	Verify Workspace Healer Evidence	2026-02-22T00:57:10.8575696Z -rw-r--r-- 1 runner runner  3973 Feb 22 00:57 generate_evidence_260218_014.js
gate-light-check	Verify Workspace Healer Evidence	2026-02-22T00:57:10.8576221Z -rw-r--r-- 1 runner runner  2541 Feb 22 00:57 generate_evidence_260218_018.mjs
gate-light-check	Verify Workspace Healer Evidence	2026-02-22T00:57:10.8576740Z -rw-r--r-- 1 runner runner   973 Feb 22 00:57 generate_evidence_260218_022.mjs
gate-light-check	Verify Workspace Healer Evidence	2026-02-22T00:57:10.8577260Z -rw-r--r-- 1 runner runner  6366 Feb 22 00:57 generate_evidence_260219_001.mjs
gate-light-check	Verify Workspace Healer Evidence	2026-02-22T00:57:10.8577961Z -rw-r--r-- 1 runner runner  2530 Feb 22 00:57 generate_evidence_260219_004.mjs
gate-light-check	Verify Workspace Healer Evidence	2026-02-22T00:57:10.8578486Z -rw-r--r-- 1 runner runner  2530 Feb 22 00:57 generate_evidence_260219_005.mjs
gate-light-check	Verify Workspace Healer Evidence	2026-02-22T00:57:10.8579007Z -rw-r--r-- 1 runner runner  2530 Feb 22 00:57 generate_evidence_260219_006.mjs
gate-light-check	Verify Workspace Healer Evidence	2026-02-22T00:57:10.8579602Z -rw-r--r-- 1 runner runner  2530 Feb 22 00:57 generate_evidence_260220_001.mjs
gate-light-check	Verify Workspace Healer Evidence	2026-02-22T00:57:10.8599064Z -rw-r--r-- 1 runner runner  2558 Feb 22 00:57 generate_evidence_260221_001d.mjs
gate-light-check	Verify Workspace Healer Evidence	2026-02-22T00:57:10.8599682Z -rw-r--r-- 1 runner runner  2558 Feb 22 00:57 generate_evidence_260221_001e.mjs
gate-light-check	Verify Workspace Healer Evidence	2026-02-22T00:57:10.8600258Z -rw-r--r-- 1 runner runner  2558 Feb 22 00:57 generate_evidence_260221_001f.mjs
gate-light-check	Verify Workspace Healer Evidence	2026-02-22T00:57:10.8600809Z -rw-r--r-- 1 runner runner  2569 Feb 22 00:57 generate_evidence_260221_004.mjs
gate-light-check	Verify Workspace Healer Evidence	2026-02-22T00:57:10.8601343Z -rw-r--r-- 1 runner runner  2570 Feb 22 00:57 generate_evidence_260221_004a.mjs
gate-light-check	Verify Workspace Healer Evidence	2026-02-22T00:57:10.8601862Z -rw-r--r-- 1 runner runner  2549 Feb 22 00:57 generate_evidence_260221_004c.mjs
gate-light-check	Verify Workspace Healer Evidence	2026-02-22T00:57:10.8602386Z -rw-r--r-- 1 runner runner  2549 Feb 22 00:57 generate_evidence_260221_004f.mjs
gate-light-check	Verify Workspace Healer Evidence	2026-02-22T00:57:10.8602897Z -rw-r--r-- 1 runner runner  2818 Feb 22 00:57 generate_evidence_260221_005h.mjs
gate-light-check	Verify Workspace Healer Evidence	2026-02-22T00:57:10.8603415Z -rw-r--r-- 1 runner runner  2818 Feb 22 00:57 generate_evidence_260221_005i.mjs
gate-light-check	Verify Workspace Healer Evidence	2026-02-22T00:57:10.8604057Z -rw-r--r-- 1 runner runner  2818 Feb 22 00:57 generate_evidence_260221_005j.mjs
gate-light-check	Verify Workspace Healer Evidence	2026-02-22T00:57:10.8604795Z -rw-r--r-- 1 runner runner  2818 Feb 22 00:57 generate_evidence_260221_005k.mjs
gate-light-check	Verify Workspace Healer Evidence	2026-02-22T00:57:10.8605330Z -rw-r--r-- 1 runner runner  2818 Feb 22 00:57 generate_evidence_260221_005l.mjs
gate-light-check	Verify Workspace Healer Evidence	2026-02-22T00:57:10.8605857Z -rw-r--r-- 1 runner runner  2818 Feb 22 00:57 generate_evidence_260221_005m.mjs
gate-light-check	Verify Workspace Healer Evidence	2026-02-22T00:57:10.8606366Z -rw-r--r-- 1 runner runner  2818 Feb 22 00:57 generate_evidence_260221_005n.mjs
gate-light-check	Verify Workspace Healer Evidence	2026-02-22T00:57:10.8606880Z -rw-r--r-- 1 runner runner  2818 Feb 22 00:57 generate_evidence_260221_005o.mjs
gate-light-check	Verify Workspace Healer Evidence	2026-02-22T00:57:10.8607398Z -rw-r--r-- 1 runner runner  2818 Feb 22 00:57 generate_evidence_260221_005r.mjs
gate-light-check	Verify Workspace Healer Evidence	2026-02-22T00:57:10.8607887Z -rw-r--r-- 1 runner runner   126 Feb 22 00:57 git_meta_260219_001.json
gate-light-check	Verify Workspace Healer Evidence	2026-02-22T00:57:10.8608359Z -rw-r--r-- 1 runner runner   310 Feb 22 00:57 git_meta_260219_004.json
gate-light-check	Verify Workspace Healer Evidence	2026-02-22T00:57:10.8608826Z -rw-r--r-- 1 runner runner   298 Feb 22 00:57 git_meta_260221_004a.json
gate-light-check	Verify Workspace Healer Evidence	2026-02-22T00:57:10.8609299Z -rw-r--r-- 1 runner runner   299 Feb 22 00:57 git_meta_260221_004f.json
gate-light-check	Verify Workspace Healer Evidence	2026-02-22T00:57:10.8609769Z -rw-r--r-- 1 runner runner   183 Feb 22 00:57 git_meta_260221_005h.json
gate-light-check	Verify Workspace Healer Evidence	2026-02-22T00:57:10.8610440Z -rw-r--r-- 1 runner runner   183 Feb 22 00:57 git_meta_260221_005i.json
gate-light-check	Verify Workspace Healer Evidence	2026-02-22T00:57:10.8610906Z -rw-r--r-- 1 runner runner   183 Feb 22 00:57 git_meta_260221_005j.json
gate-light-check	Verify Workspace Healer Evidence	2026-02-22T00:57:10.8611363Z -rw-r--r-- 1 runner runner   183 Feb 22 00:57 git_meta_260221_005k.json
gate-light-check	Verify Workspace Healer Evidence	2026-02-22T00:57:10.8611811Z -rw-r--r-- 1 runner runner   183 Feb 22 00:57 git_meta_260221_005l.json
gate-light-check	Verify Workspace Healer Evidence	2026-02-22T00:57:10.8612271Z -rw-r--r-- 1 runner runner   183 Feb 22 00:57 git_meta_260221_005m.json
gate-light-check	Verify Workspace Healer Evidence	2026-02-22T00:57:10.8612728Z -rw-r--r-- 1 runner runner   183 Feb 22 00:57 git_meta_260221_005n.json
gate-light-check	Verify Workspace Healer Evidence	2026-02-22T00:57:10.8613210Z -rw-r--r-- 1 runner runner   183 Feb 22 00:57 git_meta_260221_005o.json
gate-light-check	Verify Workspace Healer Evidence	2026-02-22T00:57:10.8613679Z -rw-r--r-- 1 runner runner   183 Feb 22 00:57 git_meta_260221_005r.json
gate-light-check	Verify Workspace Healer Evidence	2026-02-22T00:57:10.8614356Z -rw-r--r-- 1 runner runner    99 Feb 22 00:57 manual_verification_260219_001.json
gate-light-check	Verify Workspace Healer Evidence	2026-02-22T00:57:10.8614916Z -rw-r--r-- 1 runner runner    99 Feb 22 00:57 manual_verification_260219_004.json
gate-light-check	Verify Workspace Healer Evidence	2026-02-22T00:57:10.8615474Z -rw-r--r-- 1 runner runner    99 Feb 22 00:57 manual_verification_260221_004a.json
gate-light-check	Verify Workspace Healer Evidence	2026-02-22T00:57:10.8616010Z -rw-r--r-- 1 runner runner    99 Feb 22 00:57 manual_verification_260221_004f.json
gate-light-check	Verify Workspace Healer Evidence	2026-02-22T00:57:10.8616535Z -rw-r--r-- 1 runner runner    99 Feb 22 00:57 manual_verification_260221_005h.json
gate-light-check	Verify Workspace Healer Evidence	2026-02-22T00:57:10.8617065Z -rw-r--r-- 1 runner runner    99 Feb 22 00:57 manual_verification_260221_005i.json
gate-light-check	Verify Workspace Healer Evidence	2026-02-22T00:57:10.8617716Z -rw-r--r-- 1 runner runner    99 Feb 22 00:57 manual_verification_260221_005j.json
gate-light-check	Verify Workspace Healer Evidence	2026-02-22T00:57:10.8618235Z -rw-r--r-- 1 runner runner    99 Feb 22 00:57 manual_verification_260221_005k.json
gate-light-check	Verify Workspace Healer Evidence	2026-02-22T00:57:10.8618765Z -rw-r--r-- 1 runner runner    99 Feb 22 00:57 manual_verification_260221_005l.json
gate-light-check	Verify Workspace Healer Evidence	2026-02-22T00:57:10.8619307Z -rw-r--r-- 1 runner runner    99 Feb 22 00:57 manual_verification_260221_005m.json
gate-light-check	Verify Workspace Healer Evidence	2026-02-22T00:57:10.8619831Z -rw-r--r-- 1 runner runner    99 Feb 22 00:57 manual_verification_260221_005n.json
gate-light-check	Verify Workspace Healer Evidence	2026-02-22T00:57:10.8620367Z -rw-r--r-- 1 runner runner    99 Feb 22 00:57 manual_verification_260221_005o.json
gate-light-check	Verify Workspace Healer Evidence	2026-02-22T00:57:10.8620891Z -rw-r--r-- 1 runner runner    99 Feb 22 00:57 manual_verification_260221_005r.json
gate-light-check	Verify Workspace Healer Evidence	2026-02-22T00:57:10.8621379Z -rw-r--r-- 1 runner runner  1732 Feb 22 00:57 notify_260219_001.txt
gate-light-check	Verify Workspace Healer Evidence	2026-02-22T00:57:10.8621831Z -rw-r--r-- 1 runner runner  9661 Feb 22 00:57 notify_260219_004.txt
gate-light-check	Verify Workspace Healer Evidence	2026-02-22T00:57:10.8622283Z -rw-r--r-- 1 runner runner  9251 Feb 22 00:57 notify_260221_004a.txt
gate-light-check	Verify Workspace Healer Evidence	2026-02-22T00:57:10.8622734Z -rw-r--r-- 1 runner runner  9245 Feb 22 00:57 notify_260221_004f.txt
gate-light-check	Verify Workspace Healer Evidence	2026-02-22T00:57:10.8623181Z -rw-r--r-- 1 runner runner  9679 Feb 22 00:57 notify_260221_005h.txt
gate-light-check	Verify Workspace Healer Evidence	2026-02-22T00:57:10.8623616Z -rw-r--r-- 1 runner runner  9702 Feb 22 00:57 notify_260221_005i.txt
gate-light-check	Verify Workspace Healer Evidence	2026-02-22T00:57:10.8624173Z -rw-r--r-- 1 runner runner  9702 Feb 22 00:57 notify_260221_005j.txt
gate-light-check	Verify Workspace Healer Evidence	2026-02-22T00:57:10.8624617Z -rw-r--r-- 1 runner runner  9702 Feb 22 00:57 notify_260221_005k.txt
gate-light-check	Verify Workspace Healer Evidence	2026-02-22T00:57:10.8625057Z -rw-r--r-- 1 runner runner  9703 Feb 22 00:57 notify_260221_005l.txt
gate-light-check	Verify Workspace Healer Evidence	2026-02-22T00:57:10.8625497Z -rw-r--r-- 1 runner runner  9703 Feb 22 00:57 notify_260221_005m.txt
gate-light-check	Verify Workspace Healer Evidence	2026-02-22T00:57:10.8625936Z -rw-r--r-- 1 runner runner  9703 Feb 22 00:57 notify_260221_005n.txt
gate-light-check	Verify Workspace Healer Evidence	2026-02-22T00:57:10.8626384Z -rw-r--r-- 1 runner runner  9703 Feb 22 00:57 notify_260221_005o.txt
gate-light-check	Verify Workspace Healer Evidence	2026-02-22T00:57:10.8626832Z -rw-r--r-- 1 runner runner 10214 Feb 22 00:57 notify_260221_005r.txt
gate-light-check	Verify Workspace Healer Evidence	2026-02-22T00:57:10.8627303Z -rw-r--r-- 1 runner runner   237 Feb 22 00:57 open_pr_guard_260219_001.json
gate-light-check	Verify Workspace Healer Evidence	2026-02-22T00:57:10.8627811Z -rw-r--r-- 1 runner runner   237 Feb 22 00:57 open_pr_guard_260219_004.json
gate-light-check	Verify Workspace Healer Evidence	2026-02-22T00:57:10.8628306Z -rw-r--r-- 1 runner runner   237 Feb 22 00:57 open_pr_guard_260221_004a.json
gate-light-check	Verify Workspace Healer Evidence	2026-02-22T00:57:10.8628802Z -rw-r--r-- 1 runner runner   543 Feb 22 00:57 open_pr_guard_260221_004f.json
gate-light-check	Verify Workspace Healer Evidence	2026-02-22T00:57:10.8629306Z -rw-r--r-- 1 runner runner  1161 Feb 22 00:57 open_pr_guard_260221_005h.json
gate-light-check	Verify Workspace Healer Evidence	2026-02-22T00:57:10.8629991Z -rw-r--r-- 1 runner runner  1405 Feb 22 00:57 open_pr_guard_260221_005i.json
gate-light-check	Verify Workspace Healer Evidence	2026-02-22T00:57:10.8630494Z -rw-r--r-- 1 runner runner  1405 Feb 22 00:57 open_pr_guard_260221_005j.json
gate-light-check	Verify Workspace Healer Evidence	2026-02-22T00:57:10.8631007Z -rw-r--r-- 1 runner runner  1405 Feb 22 00:57 open_pr_guard_260221_005k.json
gate-light-check	Verify Workspace Healer Evidence	2026-02-22T00:57:10.8631507Z -rw-r--r-- 1 runner runner  1645 Feb 22 00:57 open_pr_guard_260221_005l.json
gate-light-check	Verify Workspace Healer Evidence	2026-02-22T00:57:10.8632004Z -rw-r--r-- 1 runner runner  1664 Feb 22 00:57 open_pr_guard_260221_005m.json
gate-light-check	Verify Workspace Healer Evidence	2026-02-22T00:57:10.8632499Z -rw-r--r-- 1 runner runner  1904 Feb 22 00:57 open_pr_guard_260221_005n.json
gate-light-check	Verify Workspace Healer Evidence	2026-02-22T00:57:10.8632991Z -rw-r--r-- 1 runner runner  2144 Feb 22 00:57 open_pr_guard_260221_005o.json
gate-light-check	Verify Workspace Healer Evidence	2026-02-22T00:57:10.8633488Z -rw-r--r-- 1 runner runner   237 Feb 22 00:57 open_pr_guard_260221_005r.json
gate-light-check	Verify Workspace Healer Evidence	2026-02-22T00:57:10.8634173Z -rw-r--r-- 1 runner runner   159 Feb 22 00:57 preflight_attestation_260219_001.json
gate-light-check	Verify Workspace Healer Evidence	2026-02-22T00:57:10.8634737Z -rw-r--r-- 1 runner runner   314 Feb 22 00:57 preflight_attestation_260219_004.json
gate-light-check	Verify Workspace Healer Evidence	2026-02-22T00:57:10.8635301Z -rw-r--r-- 1 runner runner   325 Feb 22 00:57 preflight_attestation_260221_004a.json
gate-light-check	Verify Workspace Healer Evidence	2026-02-22T00:57:10.8635862Z -rw-r--r-- 1 runner runner   327 Feb 22 00:57 preflight_attestation_260221_004f.json
gate-light-check	Verify Workspace Healer Evidence	2026-02-22T00:57:10.8636404Z -rw-r--r-- 1 runner runner   323 Feb 22 00:57 preflight_attestation_260221_005h.json
gate-light-check	Verify Workspace Healer Evidence	2026-02-22T00:57:10.8637122Z -rw-r--r-- 1 runner runner   323 Feb 22 00:57 preflight_attestation_260221_005i.json
gate-light-check	Verify Workspace Healer Evidence	2026-02-22T00:57:10.8637668Z -rw-r--r-- 1 runner runner   323 Feb 22 00:57 preflight_attestation_260221_005j.json
gate-light-check	Verify Workspace Healer Evidence	2026-02-22T00:57:10.8638208Z -rw-r--r-- 1 runner runner   323 Feb 22 00:57 preflight_attestation_260221_005k.json
gate-light-check	Verify Workspace Healer Evidence	2026-02-22T00:57:10.8638755Z -rw-r--r-- 1 runner runner   323 Feb 22 00:57 preflight_attestation_260221_005l.json
gate-light-check	Verify Workspace Healer Evidence	2026-02-22T00:57:10.8639297Z -rw-r--r-- 1 runner runner   322 Feb 22 00:57 preflight_attestation_260221_005m.json
gate-light-check	Verify Workspace Healer Evidence	2026-02-22T00:57:10.8639835Z -rw-r--r-- 1 runner runner   323 Feb 22 00:57 preflight_attestation_260221_005n.json
gate-light-check	Verify Workspace Healer Evidence	2026-02-22T00:57:10.8640384Z -rw-r--r-- 1 runner runner   323 Feb 22 00:57 preflight_attestation_260221_005o.json
gate-light-check	Verify Workspace Healer Evidence	2026-02-22T00:57:10.8640920Z -rw-r--r-- 1 runner runner   322 Feb 22 00:57 preflight_attestation_260221_005r.json
gate-light-check	Verify Workspace Healer Evidence	2026-02-22T00:57:10.8641405Z -rw-r--r-- 1 runner runner   461 Feb 22 00:57 result_260219_001.json
gate-light-check	Verify Workspace Healer Evidence	2026-02-22T00:57:10.8641862Z -rw-r--r-- 1 runner runner   768 Feb 22 00:57 result_260219_004.json
gate-light-check	Verify Workspace Healer Evidence	2026-02-22T00:57:10.8642318Z -rw-r--r-- 1 runner runner   759 Feb 22 00:57 result_260221_004a.json
gate-light-check	Verify Workspace Healer Evidence	2026-02-22T00:57:10.8642767Z -rw-r--r-- 1 runner runner   760 Feb 22 00:57 result_260221_004f.json
gate-light-check	Verify Workspace Healer Evidence	2026-02-22T00:57:10.8643213Z -rw-r--r-- 1 runner runner   481 Feb 22 00:57 result_260221_005h.json
gate-light-check	Verify Workspace Healer Evidence	2026-02-22T00:57:10.8643649Z -rw-r--r-- 1 runner runner   481 Feb 22 00:57 result_260221_005i.json
gate-light-check	Verify Workspace Healer Evidence	2026-02-22T00:57:10.8644359Z -rw-r--r-- 1 runner runner   481 Feb 22 00:57 result_260221_005j.json
gate-light-check	Verify Workspace Healer Evidence	2026-02-22T00:57:10.8644860Z -rw-r--r-- 1 runner runner   481 Feb 22 00:57 result_260221_005k.json
gate-light-check	Verify Workspace Healer Evidence	2026-02-22T00:57:10.8645310Z -rw-r--r-- 1 runner runner   481 Feb 22 00:57 result_260221_005l.json
gate-light-check	Verify Workspace Healer Evidence	2026-02-22T00:57:10.8645755Z -rw-r--r-- 1 runner runner   481 Feb 22 00:57 result_260221_005m.json
gate-light-check	Verify Workspace Healer Evidence	2026-02-22T00:57:10.8646203Z -rw-r--r-- 1 runner runner   481 Feb 22 00:57 result_260221_005n.json
gate-light-check	Verify Workspace Healer Evidence	2026-02-22T00:57:10.8646647Z -rw-r--r-- 1 runner runner   481 Feb 22 00:57 result_260221_005o.json
gate-light-check	Verify Workspace Healer Evidence	2026-02-22T00:57:10.8647108Z -rw-r--r-- 1 runner runner   481 Feb 22 00:57 result_260221_005r.json
gate-light-check	Verify Workspace Healer Evidence	2026-02-22T00:57:10.8647548Z -rw-r--r-- 1 runner runner     7 Feb 22 00:57 run_260219_001.log
gate-light-check	Verify Workspace Healer Evidence	2026-02-22T00:57:10.8647968Z -rw-r--r-- 1 runner runner 10330 Feb 22 00:57 run_260219_004.log
gate-light-check	Verify Workspace Healer Evidence	2026-02-22T00:57:10.8648392Z -rw-r--r-- 1 runner runner 11937 Feb 22 00:57 run_260221_004a.log
gate-light-check	Verify Workspace Healer Evidence	2026-02-22T00:57:10.8648820Z -rw-r--r-- 1 runner runner 12035 Feb 22 00:57 run_260221_004f.log
gate-light-check	Verify Workspace Healer Evidence	2026-02-22T00:57:10.8649237Z -rw-r--r-- 1 runner runner 12680 Feb 22 00:57 run_260221_005h.log
gate-light-check	Verify Workspace Healer Evidence	2026-02-22T00:57:10.8649805Z -rw-r--r-- 1 runner runner 12680 Feb 22 00:57 run_260221_005i.log
gate-light-check	Verify Workspace Healer Evidence	2026-02-22T00:57:10.8650224Z -rw-r--r-- 1 runner runner 12910 Feb 22 00:57 run_260221_005j.log
gate-light-check	Verify Workspace Healer Evidence	2026-02-22T00:57:10.8650649Z -rw-r--r-- 1 runner runner 12680 Feb 22 00:57 run_260221_005k.log
gate-light-check	Verify Workspace Healer Evidence	2026-02-22T00:57:10.8651070Z -rw-r--r-- 1 runner runner 13065 Feb 22 00:57 run_260221_005l.log
gate-light-check	Verify Workspace Healer Evidence	2026-02-22T00:57:10.8651486Z -rw-r--r-- 1 runner runner 13065 Feb 22 00:57 run_260221_005m.log
gate-light-check	Verify Workspace Healer Evidence	2026-02-22T00:57:10.8651910Z -rw-r--r-- 1 runner runner 13065 Feb 22 00:57 run_260221_005n.log
gate-light-check	Verify Workspace Healer Evidence	2026-02-22T00:57:10.8652333Z -rw-r--r-- 1 runner runner 13065 Feb 22 00:57 run_260221_005o.log
gate-light-check	Verify Workspace Healer Evidence	2026-02-22T00:57:10.8652750Z -rw-r--r-- 1 runner runner 13580 Feb 22 00:57 run_260221_005r.log
gate-light-check	Verify Workspace Healer Evidence	2026-02-22T00:57:10.8653203Z -rw-r--r-- 1 runner runner  1943 Feb 22 00:57 task_report_260218_011.md
gate-light-check	Verify Workspace Healer Evidence	2026-02-22T00:57:10.8653679Z -rw-r--r-- 1 runner runner  1226 Feb 22 00:57 task_report_260218_013.md
gate-light-check	Verify Workspace Healer Evidence	2026-02-22T00:57:10.8654246Z -rw-r--r-- 1 runner runner  2254 Feb 22 00:57 task_report_260218_014.md
gate-light-check	Verify Workspace Healer Evidence	2026-02-22T00:57:10.8654757Z -rw-r--r-- 1 runner runner  1768 Feb 22 00:57 trae_report_snippet_260219_001.txt
gate-light-check	Verify Workspace Healer Evidence	2026-02-22T00:57:10.8655289Z -rw-r--r-- 1 runner runner  9679 Feb 22 00:57 trae_report_snippet_260219_004.txt
gate-light-check	Verify Workspace Healer Evidence	2026-02-22T00:57:10.8655833Z -rw-r--r-- 1 runner runner  9269 Feb 22 00:57 trae_report_snippet_260221_004a.txt
gate-light-check	Verify Workspace Healer Evidence	2026-02-22T00:57:10.8656373Z -rw-r--r-- 1 runner runner  9263 Feb 22 00:57 trae_report_snippet_260221_004f.txt
gate-light-check	Verify Workspace Healer Evidence	2026-02-22T00:57:10.8657023Z -rw-r--r-- 1 runner runner  9697 Feb 22 00:57 trae_report_snippet_260221_005h.txt
gate-light-check	Verify Workspace Healer Evidence	2026-02-22T00:57:10.8657559Z -rw-r--r-- 1 runner runner  9720 Feb 22 00:57 trae_report_snippet_260221_005i.txt
gate-light-check	Verify Workspace Healer Evidence	2026-02-22T00:57:10.8658088Z -rw-r--r-- 1 runner runner  9720 Feb 22 00:57 trae_report_snippet_260221_005j.txt
gate-light-check	Verify Workspace Healer Evidence	2026-02-22T00:57:10.8658613Z -rw-r--r-- 1 runner runner  9720 Feb 22 00:57 trae_report_snippet_260221_005k.txt
gate-light-check	Verify Workspace Healer Evidence	2026-02-22T00:57:10.8659150Z -rw-r--r-- 1 runner runner 12085 Feb 22 00:57 trae_report_snippet_260221_005l.txt
gate-light-check	Verify Workspace Healer Evidence	2026-02-22T00:57:10.8659685Z -rw-r--r-- 1 runner runner 13577 Feb 22 00:57 trae_report_snippet_260221_005m.txt
gate-light-check	Verify Workspace Healer Evidence	2026-02-22T00:57:10.8660211Z -rw-r--r-- 1 runner runner 15098 Feb 22 00:57 trae_report_snippet_260221_005n.txt
gate-light-check	Verify Workspace Healer Evidence	2026-02-22T00:57:10.8660743Z -rw-r--r-- 1 runner runner 14994 Feb 22 00:57 trae_report_snippet_260221_005o.txt
gate-light-check	Verify Workspace Healer Evidence	2026-02-22T00:57:10.8661272Z -rw-r--r-- 1 runner runner 18372 Feb 22 00:57 trae_report_snippet_260221_005r.txt
gate-light-check	Verify Workspace Healer Evidence	2026-02-22T00:57:10.8661796Z -rw-r--r-- 1 runner runner   917 Feb 22 00:57 workspace_healer_260219_001.json
gate-light-check	Verify Workspace Healer Evidence	2026-02-22T00:57:10.8662313Z -rw-r--r-- 1 runner runner   917 Feb 22 00:57 workspace_healer_260219_004.json
gate-light-check	Verify Workspace Healer Evidence	2026-02-22T00:57:10.8662829Z -rw-r--r-- 1 runner runner   975 Feb 22 00:57 workspace_healer_260221_004a.json
gate-light-check	Verify Workspace Healer Evidence	2026-02-22T00:57:10.8663341Z -rw-r--r-- 1 runner runner   922 Feb 22 00:57 workspace_healer_260221_004f.json
gate-light-check	Verify Workspace Healer Evidence	2026-02-22T00:57:10.8663974Z -rw-r--r-- 1 runner runner   918 Feb 22 00:57 workspace_healer_260221_005h.json
gate-light-check	Verify Workspace Healer Evidence	2026-02-22T00:57:10.8664494Z -rw-r--r-- 1 runner runner   918 Feb 22 00:57 workspace_healer_260221_005i.json
gate-light-check	Verify Workspace Healer Evidence	2026-02-22T00:57:10.8665010Z -rw-r--r-- 1 runner runner   918 Feb 22 00:57 workspace_healer_260221_005j.json
gate-light-check	Verify Workspace Healer Evidence	2026-02-22T00:57:10.8665529Z -rw-r--r-- 1 runner runner   918 Feb 22 00:57 workspace_healer_260221_005k.json
gate-light-check	Verify Workspace Healer Evidence	2026-02-22T00:57:10.8666037Z -rw-r--r-- 1 runner runner   918 Feb 22 00:57 workspace_healer_260221_005l.json
gate-light-check	Verify Workspace Healer Evidence	2026-02-22T00:57:10.8666558Z -rw-r--r-- 1 runner runner   918 Feb 22 00:57 workspace_healer_260221_005m.json
gate-light-check	Verify Workspace Healer Evidence	2026-02-22T00:57:10.8667070Z -rw-r--r-- 1 runner runner   918 Feb 22 00:57 workspace_healer_260221_005n.json
gate-light-check	Verify Workspace Healer Evidence	2026-02-22T00:57:10.8667575Z -rw-r--r-- 1 runner runner   918 Feb 22 00:57 workspace_healer_260221_005o.json
gate-light-check	Verify Workspace Healer Evidence	2026-02-22T00:57:10.8668087Z -rw-r--r-- 1 runner runner   519 Feb 22 00:57 workspace_healer_260221_005r.json
gate-light-check	Generate CI Parity Evidence	﻿2026-02-22T00:57:10.8692601Z ##[group]Run TASK_REF="${GITHUB_HEAD_REF:-${GITHUB_REF_NAME}}"
gate-light-check	Generate CI Parity Evidence	2026-02-22T00:57:10.8693028Z [36;1mTASK_REF="${GITHUB_HEAD_REF:-${GITHUB_REF_NAME}}"[0m
gate-light-check	Generate CI Parity Evidence	2026-02-22T00:57:10.8693610Z [36;1mTASK_ID=$(echo "$TASK_REF" | grep -oE '[0-9]{6}_[0-9]{3}[A-Za-z]?' | head -n 1 || true)[0m
gate-light-check	Generate CI Parity Evidence	2026-02-22T00:57:10.8694201Z [36;1mYEAR="20${TASK_ID:0:2}"[0m
gate-light-check	Generate CI Parity Evidence	2026-02-22T00:57:10.8694436Z [36;1mMONTH="${TASK_ID:2:2}"[0m
gate-light-check	Generate CI Parity Evidence	2026-02-22T00:57:10.8694720Z [36;1mEVIDENCE_DIR="rules/task-reports/${YEAR}-${MONTH}"[0m
gate-light-check	Generate CI Parity Evidence	2026-02-22T00:57:10.8695024Z [36;1mecho "TASK_ID=${TASK_ID}"[0m
gate-light-check	Generate CI Parity Evidence	2026-02-22T00:57:10.8695270Z [36;1mecho "EVIDENCE_DIR=${EVIDENCE_DIR}"[0m
gate-light-check	Generate CI Parity Evidence	2026-02-22T00:57:10.8695681Z [36;1mnode scripts/ci_parity_probe.mjs --task_id "$TASK_ID" --result_dir "$EVIDENCE_DIR"[0m
gate-light-check	Generate CI Parity Evidence	2026-02-22T00:57:10.8728534Z shell: /usr/bin/bash -e {0}
gate-light-check	Generate CI Parity Evidence	2026-02-22T00:57:10.8728762Z env:
gate-light-check	Generate CI Parity Evidence	2026-02-22T00:57:10.8729017Z   WORKSPACE_HEALER_TMP: /tmp/workspace_healer_260221_005r.json
gate-light-check	Generate CI Parity Evidence	2026-02-22T00:57:10.8729344Z ##[endgroup]
gate-light-check	Generate CI Parity Evidence	2026-02-22T00:57:10.8802161Z TASK_ID=260221_005r
gate-light-check	Generate CI Parity Evidence	2026-02-22T00:57:10.8802724Z EVIDENCE_DIR=rules/task-reports/2026-02
gate-light-check	Generate CI Parity Evidence	2026-02-22T00:57:10.9129002Z [CI Parity Probe] Running for task 260221_005r (JSON Mode)...
gate-light-check	Generate CI Parity Evidence	2026-02-22T00:57:11.1033674Z From https://github.com/dongyupeng2108-bot/OppOrder
gate-light-check	Generate CI Parity Evidence	2026-02-22T00:57:11.1034606Z  * branch            main       -> FETCH_HEAD
gate-light-check	Generate CI Parity Evidence	2026-02-22T00:57:11.1227336Z [CI Parity Probe] Evidence written to: rules/task-reports/2026-02/ci_parity_260221_005r.json
gate-light-check	Verify CI Parity Evidence	﻿2026-02-22T00:57:11.1313680Z ##[group]Run TASK_REF="${GITHUB_HEAD_REF:-${GITHUB_REF_NAME}}"
gate-light-check	Verify CI Parity Evidence	2026-02-22T00:57:11.1314362Z [36;1mTASK_REF="${GITHUB_HEAD_REF:-${GITHUB_REF_NAME}}"[0m
gate-light-check	Verify CI Parity Evidence	2026-02-22T00:57:11.1314803Z [36;1mTASK_ID=$(echo "$TASK_REF" | grep -oE '[0-9]{6}_[0-9]{3}[A-Za-z]?' | head -n 1 || true)[0m
gate-light-check	Verify CI Parity Evidence	2026-02-22T00:57:11.1315201Z [36;1mYEAR="20${TASK_ID:0:2}"[0m
gate-light-check	Verify CI Parity Evidence	2026-02-22T00:57:11.1315425Z [36;1mMONTH="${TASK_ID:2:2}"[0m
gate-light-check	Verify CI Parity Evidence	2026-02-22T00:57:11.1315711Z [36;1mEVIDENCE_DIR="rules/task-reports/${YEAR}-${MONTH}"[0m
gate-light-check	Verify CI Parity Evidence	2026-02-22T00:57:11.1316012Z [36;1mecho "TASK_ID=${TASK_ID}"[0m
gate-light-check	Verify CI Parity Evidence	2026-02-22T00:57:11.1316266Z [36;1mecho "EVIDENCE_DIR=${EVIDENCE_DIR}"[0m
gate-light-check	Verify CI Parity Evidence	2026-02-22T00:57:11.1316597Z [36;1mEVIDENCE_FILE="${EVIDENCE_DIR}/ci_parity_${TASK_ID}.json"[0m
gate-light-check	Verify CI Parity Evidence	2026-02-22T00:57:11.1316934Z [36;1mls -la "$EVIDENCE_DIR"[0m
gate-light-check	Verify CI Parity Evidence	2026-02-22T00:57:11.1317174Z [36;1mif [ ! -f "$EVIDENCE_FILE" ]; then[0m
gate-light-check	Verify CI Parity Evidence	2026-02-22T00:57:11.1317499Z [36;1m  echo "Missing CI parity evidence: $EVIDENCE_FILE"[0m
gate-light-check	Verify CI Parity Evidence	2026-02-22T00:57:11.1317801Z [36;1m  exit 1[0m
gate-light-check	Verify CI Parity Evidence	2026-02-22T00:57:11.1317999Z [36;1mfi[0m
gate-light-check	Verify CI Parity Evidence	2026-02-22T00:57:11.1349220Z shell: /usr/bin/bash -e {0}
gate-light-check	Verify CI Parity Evidence	2026-02-22T00:57:11.1349451Z env:
gate-light-check	Verify CI Parity Evidence	2026-02-22T00:57:11.1349698Z   WORKSPACE_HEALER_TMP: /tmp/workspace_healer_260221_005r.json
gate-light-check	Verify CI Parity Evidence	2026-02-22T00:57:11.1350020Z ##[endgroup]
gate-light-check	Verify CI Parity Evidence	2026-02-22T00:57:11.1420269Z TASK_ID=260221_005r
gate-light-check	Verify CI Parity Evidence	2026-02-22T00:57:11.1420825Z EVIDENCE_DIR=rules/task-reports/2026-02
gate-light-check	Verify CI Parity Evidence	2026-02-22T00:57:11.1453033Z total 1752
gate-light-check	Verify CI Parity Evidence	2026-02-22T00:57:11.1453576Z drwxr-xr-x 2 runner runner 20480 Feb 22 00:57 .
gate-light-check	Verify CI Parity Evidence	2026-02-22T00:57:11.1454552Z drwxr-xr-x 8 runner runner  4096 Feb 22 00:57 ..
gate-light-check	Verify CI Parity Evidence	2026-02-22T00:57:11.1455391Z -rw-r--r-- 1 runner runner    33 Feb 22 00:57 .budget_260221_004f.json
gate-light-check	Verify CI Parity Evidence	2026-02-22T00:57:11.1456320Z -rw-r--r-- 1 runner runner    33 Feb 22 00:57 .budget_260221_005h.json
gate-light-check	Verify CI Parity Evidence	2026-02-22T00:57:11.1457040Z -rw-r--r-- 1 runner runner    33 Feb 22 00:57 .budget_260221_005i.json
gate-light-check	Verify CI Parity Evidence	2026-02-22T00:57:11.1457988Z -rw-r--r-- 1 runner runner    33 Feb 22 00:57 .budget_260221_005j.json
gate-light-check	Verify CI Parity Evidence	2026-02-22T00:57:11.1459090Z -rw-r--r-- 1 runner runner    33 Feb 22 00:57 .budget_260221_005k.json
gate-light-check	Verify CI Parity Evidence	2026-02-22T00:57:11.1460206Z -rw-r--r-- 1 runner runner    33 Feb 22 00:57 .budget_260221_005l.json
gate-light-check	Verify CI Parity Evidence	2026-02-22T00:57:11.1461198Z -rw-r--r-- 1 runner runner    33 Feb 22 00:57 .budget_260221_005m.json
gate-light-check	Verify CI Parity Evidence	2026-02-22T00:57:11.1461924Z -rw-r--r-- 1 runner runner    33 Feb 22 00:57 .budget_260221_005n.json
gate-light-check	Verify CI Parity Evidence	2026-02-22T00:57:11.1462652Z -rw-r--r-- 1 runner runner    33 Feb 22 00:57 .budget_260221_005o.json
gate-light-check	Verify CI Parity Evidence	2026-02-22T00:57:11.1463253Z -rw-r--r-- 1 runner runner    33 Feb 22 00:57 .budget_260221_005r.json
gate-light-check	Verify CI Parity Evidence	2026-02-22T00:57:11.1464022Z -rw-r--r-- 1 runner runner   869 Feb 22 00:57 260219_001.json
gate-light-check	Verify CI Parity Evidence	2026-02-22T00:57:11.1464725Z -rw-r--r-- 1 runner runner   171 Feb 22 00:57 260219_001_healthcheck_53122_pairs.txt
gate-light-check	Verify CI Parity Evidence	2026-02-22T00:57:11.1465696Z -rw-r--r-- 1 runner runner   166 Feb 22 00:57 260219_001_healthcheck_53122_root.txt
gate-light-check	Verify CI Parity Evidence	2026-02-22T00:57:11.1466447Z -rw-r--r-- 1 runner runner   171 Feb 22 00:57 260219_004_healthcheck_53122_pairs.txt
gate-light-check	Verify CI Parity Evidence	2026-02-22T00:57:11.1467185Z -rw-r--r-- 1 runner runner   166 Feb 22 00:57 260219_004_healthcheck_53122_root.txt
gate-light-check	Verify CI Parity Evidence	2026-02-22T00:57:11.1467825Z -rw-r--r-- 1 runner runner  1168 Feb 22 00:57 260221_004a.json
gate-light-check	Verify CI Parity Evidence	2026-02-22T00:57:11.1468489Z -rw-r--r-- 1 runner runner   171 Feb 22 00:57 260221_004a_healthcheck_53122_pairs.txt
gate-light-check	Verify CI Parity Evidence	2026-02-22T00:57:11.1469225Z -rw-r--r-- 1 runner runner   166 Feb 22 00:57 260221_004a_healthcheck_53122_root.txt
gate-light-check	Verify CI Parity Evidence	2026-02-22T00:57:11.1469860Z -rw-r--r-- 1 runner runner   171 Feb 22 00:57 260221_004f_healthcheck_53122_pairs.txt
gate-light-check	Verify CI Parity Evidence	2026-02-22T00:57:11.1470408Z -rw-r--r-- 1 runner runner   166 Feb 22 00:57 260221_004f_healthcheck_53122_root.txt
gate-light-check	Verify CI Parity Evidence	2026-02-22T00:57:11.1470898Z -rw-r--r-- 1 runner runner   870 Feb 22 00:57 260221_005h.json
gate-light-check	Verify CI Parity Evidence	2026-02-22T00:57:11.1471431Z -rw-r--r-- 1 runner runner   171 Feb 22 00:57 260221_005h_healthcheck_53122_pairs.txt
gate-light-check	Verify CI Parity Evidence	2026-02-22T00:57:11.1471993Z -rw-r--r-- 1 runner runner   166 Feb 22 00:57 260221_005h_healthcheck_53122_root.txt
gate-light-check	Verify CI Parity Evidence	2026-02-22T00:57:11.1472461Z -rw-r--r-- 1 runner runner   870 Feb 22 00:57 260221_005i.json
gate-light-check	Verify CI Parity Evidence	2026-02-22T00:57:11.1473149Z -rw-r--r-- 1 runner runner   171 Feb 22 00:57 260221_005i_healthcheck_53122_pairs.txt
gate-light-check	Verify CI Parity Evidence	2026-02-22T00:57:11.1473720Z -rw-r--r-- 1 runner runner   166 Feb 22 00:57 260221_005i_healthcheck_53122_root.txt
gate-light-check	Verify CI Parity Evidence	2026-02-22T00:57:11.1474397Z -rw-r--r-- 1 runner runner   870 Feb 22 00:57 260221_005j.json
gate-light-check	Verify CI Parity Evidence	2026-02-22T00:57:11.1474900Z -rw-r--r-- 1 runner runner   171 Feb 22 00:57 260221_005j_healthcheck_53122_pairs.txt
gate-light-check	Verify CI Parity Evidence	2026-02-22T00:57:11.1475477Z -rw-r--r-- 1 runner runner   166 Feb 22 00:57 260221_005j_healthcheck_53122_root.txt
gate-light-check	Verify CI Parity Evidence	2026-02-22T00:57:11.1475954Z -rw-r--r-- 1 runner runner   870 Feb 22 00:57 260221_005k.json
gate-light-check	Verify CI Parity Evidence	2026-02-22T00:57:11.1476447Z -rw-r--r-- 1 runner runner   171 Feb 22 00:57 260221_005k_healthcheck_53122_pairs.txt
gate-light-check	Verify CI Parity Evidence	2026-02-22T00:57:11.1477008Z -rw-r--r-- 1 runner runner   166 Feb 22 00:57 260221_005k_healthcheck_53122_root.txt
gate-light-check	Verify CI Parity Evidence	2026-02-22T00:57:11.1477467Z -rw-r--r-- 1 runner runner   870 Feb 22 00:57 260221_005l.json
gate-light-check	Verify CI Parity Evidence	2026-02-22T00:57:11.1477951Z -rw-r--r-- 1 runner runner   171 Feb 22 00:57 260221_005l_healthcheck_53122_pairs.txt
gate-light-check	Verify CI Parity Evidence	2026-02-22T00:57:11.1478504Z -rw-r--r-- 1 runner runner   166 Feb 22 00:57 260221_005l_healthcheck_53122_root.txt
gate-light-check	Verify CI Parity Evidence	2026-02-22T00:57:11.1478970Z -rw-r--r-- 1 runner runner   870 Feb 22 00:57 260221_005m.json
gate-light-check	Verify CI Parity Evidence	2026-02-22T00:57:11.1479467Z -rw-r--r-- 1 runner runner   171 Feb 22 00:57 260221_005m_healthcheck_53122_pairs.txt
gate-light-check	Verify CI Parity Evidence	2026-02-22T00:57:11.1480026Z -rw-r--r-- 1 runner runner   166 Feb 22 00:57 260221_005m_healthcheck_53122_root.txt
gate-light-check	Verify CI Parity Evidence	2026-02-22T00:57:11.1480503Z -rw-r--r-- 1 runner runner   870 Feb 22 00:57 260221_005n.json
gate-light-check	Verify CI Parity Evidence	2026-02-22T00:57:11.1480996Z -rw-r--r-- 1 runner runner   171 Feb 22 00:57 260221_005n_healthcheck_53122_pairs.txt
gate-light-check	Verify CI Parity Evidence	2026-02-22T00:57:11.1481551Z -rw-r--r-- 1 runner runner   166 Feb 22 00:57 260221_005n_healthcheck_53122_root.txt
gate-light-check	Verify CI Parity Evidence	2026-02-22T00:57:11.1482022Z -rw-r--r-- 1 runner runner   870 Feb 22 00:57 260221_005o.json
gate-light-check	Verify CI Parity Evidence	2026-02-22T00:57:11.1482508Z -rw-r--r-- 1 runner runner   171 Feb 22 00:57 260221_005o_healthcheck_53122_pairs.txt
gate-light-check	Verify CI Parity Evidence	2026-02-22T00:57:11.1483064Z -rw-r--r-- 1 runner runner   166 Feb 22 00:57 260221_005o_healthcheck_53122_root.txt
gate-light-check	Verify CI Parity Evidence	2026-02-22T00:57:11.1483527Z -rw-r--r-- 1 runner runner   870 Feb 22 00:57 260221_005r.json
gate-light-check	Verify CI Parity Evidence	2026-02-22T00:57:11.1484189Z -rw-r--r-- 1 runner runner   171 Feb 22 00:57 260221_005r_healthcheck_53122_pairs.txt
gate-light-check	Verify CI Parity Evidence	2026-02-22T00:57:11.1484736Z -rw-r--r-- 1 runner runner   166 Feb 22 00:57 260221_005r_healthcheck_53122_root.txt
gate-light-check	Verify CI Parity Evidence	2026-02-22T00:57:11.1485240Z -rw-r--r-- 1 runner runner   276 Feb 22 00:57 auto_pr_260219_001.json
gate-light-check	Verify CI Parity Evidence	2026-02-22T00:57:11.1485712Z -rw-r--r-- 1 runner runner   539 Feb 22 00:57 auto_pr_260221_004a.json
gate-light-check	Verify CI Parity Evidence	2026-02-22T00:57:11.1486170Z -rw-r--r-- 1 runner runner   541 Feb 22 00:57 auto_pr_260221_004f.json
gate-light-check	Verify CI Parity Evidence	2026-02-22T00:57:11.1486782Z -rw-r--r-- 1 runner runner   533 Feb 22 00:57 auto_pr_260221_005h.json
gate-light-check	Verify CI Parity Evidence	2026-02-22T00:57:11.1487241Z -rw-r--r-- 1 runner runner   533 Feb 22 00:57 auto_pr_260221_005i.json
gate-light-check	Verify CI Parity Evidence	2026-02-22T00:57:11.1487694Z -rw-r--r-- 1 runner runner   533 Feb 22 00:57 auto_pr_260221_005j.json
gate-light-check	Verify CI Parity Evidence	2026-02-22T00:57:11.1488152Z -rw-r--r-- 1 runner runner   533 Feb 22 00:57 auto_pr_260221_005k.json
gate-light-check	Verify CI Parity Evidence	2026-02-22T00:57:11.1488605Z -rw-r--r-- 1 runner runner   533 Feb 22 00:57 auto_pr_260221_005l.json
gate-light-check	Verify CI Parity Evidence	2026-02-22T00:57:11.1489071Z -rw-r--r-- 1 runner runner   533 Feb 22 00:57 auto_pr_260221_005m.json
gate-light-check	Verify CI Parity Evidence	2026-02-22T00:57:11.1489532Z -rw-r--r-- 1 runner runner   533 Feb 22 00:57 auto_pr_260221_005n.json
gate-light-check	Verify CI Parity Evidence	2026-02-22T00:57:11.1489989Z -rw-r--r-- 1 runner runner   533 Feb 22 00:57 auto_pr_260221_005o.json
gate-light-check	Verify CI Parity Evidence	2026-02-22T00:57:11.1490436Z -rw-r--r-- 1 runner runner   533 Feb 22 00:57 auto_pr_260221_005r.json
gate-light-check	Verify CI Parity Evidence	2026-02-22T00:57:11.1490957Z -rw-r--r-- 1 runner runner   593 Feb 22 00:57 ci_dod_requirements_260219_004_FIX3.txt
gate-light-check	Verify CI Parity Evidence	2026-02-22T00:57:11.1491475Z -rw-r--r-- 1 runner runner  1968 Feb 22 00:57 ci_parity_260219_001.json
gate-light-check	Verify CI Parity Evidence	2026-02-22T00:57:11.1491949Z -rw-r--r-- 1 runner runner  2039 Feb 22 00:57 ci_parity_260219_004.json
gate-light-check	Verify CI Parity Evidence	2026-02-22T00:57:11.1492422Z -rw-r--r-- 1 runner runner   572 Feb 22 00:57 ci_parity_260221_004a.json
gate-light-check	Verify CI Parity Evidence	2026-02-22T00:57:11.1493021Z -rw-r--r-- 1 runner runner  2278 Feb 22 00:57 ci_parity_260221_004f.json
gate-light-check	Verify CI Parity Evidence	2026-02-22T00:57:11.1493500Z -rw-r--r-- 1 runner runner   528 Feb 22 00:57 ci_parity_260221_005h.json
gate-light-check	Verify CI Parity Evidence	2026-02-22T00:57:11.1494153Z -rw-r--r-- 1 runner runner  2145 Feb 22 00:57 ci_parity_260221_005i.json
gate-light-check	Verify CI Parity Evidence	2026-02-22T00:57:11.1494630Z -rw-r--r-- 1 runner runner  3693 Feb 22 00:57 ci_parity_260221_005j.json
gate-light-check	Verify CI Parity Evidence	2026-02-22T00:57:11.1495101Z -rw-r--r-- 1 runner runner  5241 Feb 22 00:57 ci_parity_260221_005k.json
gate-light-check	Verify CI Parity Evidence	2026-02-22T00:57:11.1495569Z -rw-r--r-- 1 runner runner  6790 Feb 22 00:57 ci_parity_260221_005l.json
gate-light-check	Verify CI Parity Evidence	2026-02-22T00:57:11.1496029Z -rw-r--r-- 1 runner runner  8407 Feb 22 00:57 ci_parity_260221_005m.json
gate-light-check	Verify CI Parity Evidence	2026-02-22T00:57:11.1496510Z -rw-r--r-- 1 runner runner 10024 Feb 22 00:57 ci_parity_260221_005n.json
gate-light-check	Verify CI Parity Evidence	2026-02-22T00:57:11.1496986Z -rw-r--r-- 1 runner runner 11687 Feb 22 00:57 ci_parity_260221_005o.json
gate-light-check	Verify CI Parity Evidence	2026-02-22T00:57:11.1497452Z -rw-r--r-- 1 runner runner 14904 Feb 22 00:57 ci_parity_260221_005r.json
gate-light-check	Verify CI Parity Evidence	2026-02-22T00:57:11.1497969Z -rw-r--r-- 1 runner runner   375 Feb 22 00:57 contract_self_check_260221_005h.txt
gate-light-check	Verify CI Parity Evidence	2026-02-22T00:57:11.1498502Z -rw-r--r-- 1 runner runner   375 Feb 22 00:57 contract_self_check_260221_005i.txt
gate-light-check	Verify CI Parity Evidence	2026-02-22T00:57:11.1499036Z -rw-r--r-- 1 runner runner   276 Feb 22 00:57 contract_self_check_260221_005j.txt
gate-light-check	Verify CI Parity Evidence	2026-02-22T00:57:11.1499568Z -rw-r--r-- 1 runner runner   276 Feb 22 00:57 contract_self_check_260221_005k.txt
gate-light-check	Verify CI Parity Evidence	2026-02-22T00:57:11.1500089Z -rw-r--r-- 1 runner runner   276 Feb 22 00:57 contract_self_check_260221_005l.txt
gate-light-check	Verify CI Parity Evidence	2026-02-22T00:57:11.1500614Z -rw-r--r-- 1 runner runner   276 Feb 22 00:57 contract_self_check_260221_005m.txt
gate-light-check	Verify CI Parity Evidence	2026-02-22T00:57:11.1501151Z -rw-r--r-- 1 runner runner   276 Feb 22 00:57 contract_self_check_260221_005n.txt
gate-light-check	Verify CI Parity Evidence	2026-02-22T00:57:11.1501673Z -rw-r--r-- 1 runner runner   276 Feb 22 00:57 contract_self_check_260221_005o.txt
gate-light-check	Verify CI Parity Evidence	2026-02-22T00:57:11.1502201Z -rw-r--r-- 1 runner runner   276 Feb 22 00:57 contract_self_check_260221_005r.txt
gate-light-check	Verify CI Parity Evidence	2026-02-22T00:57:11.1502744Z -rw-r--r-- 1 runner runner  1878 Feb 22 00:57 deliverables_index_260219_001.json
gate-light-check	Verify CI Parity Evidence	2026-02-22T00:57:11.1503287Z -rw-r--r-- 1 runner runner  1884 Feb 22 00:57 deliverables_index_260219_004.json
gate-light-check	Verify CI Parity Evidence	2026-02-22T00:57:11.1503990Z -rw-r--r-- 1 runner runner  1904 Feb 22 00:57 deliverables_index_260221_004a.json
gate-light-check	Verify CI Parity Evidence	2026-02-22T00:57:11.1504816Z -rw-r--r-- 1 runner runner  1904 Feb 22 00:57 deliverables_index_260221_004f.json
gate-light-check	Verify CI Parity Evidence	2026-02-22T00:57:11.1505358Z -rw-r--r-- 1 runner runner  2022 Feb 22 00:57 deliverables_index_260221_005h.json
gate-light-check	Verify CI Parity Evidence	2026-02-22T00:57:11.1505893Z -rw-r--r-- 1 runner runner  2130 Feb 22 00:57 deliverables_index_260221_005i.json
gate-light-check	Verify CI Parity Evidence	2026-02-22T00:57:11.1506428Z -rw-r--r-- 1 runner runner  2130 Feb 22 00:57 deliverables_index_260221_005j.json
gate-light-check	Verify CI Parity Evidence	2026-02-22T00:57:11.1507115Z -rw-r--r-- 1 runner runner  2130 Feb 22 00:57 deliverables_index_260221_005k.json
gate-light-check	Verify CI Parity Evidence	2026-02-22T00:57:11.1507657Z -rw-r--r-- 1 runner runner  2130 Feb 22 00:57 deliverables_index_260221_005l.json
gate-light-check	Verify CI Parity Evidence	2026-02-22T00:57:11.1508195Z -rw-r--r-- 1 runner runner  2130 Feb 22 00:57 deliverables_index_260221_005m.json
gate-light-check	Verify CI Parity Evidence	2026-02-22T00:57:11.1508730Z -rw-r--r-- 1 runner runner  2131 Feb 22 00:57 deliverables_index_260221_005n.json
gate-light-check	Verify CI Parity Evidence	2026-02-22T00:57:11.1509264Z -rw-r--r-- 1 runner runner  2131 Feb 22 00:57 deliverables_index_260221_005o.json
gate-light-check	Verify CI Parity Evidence	2026-02-22T00:57:11.1509794Z -rw-r--r-- 1 runner runner  2131 Feb 22 00:57 deliverables_index_260221_005r.json
gate-light-check	Verify CI Parity Evidence	2026-02-22T00:57:11.1510307Z -rw-r--r-- 1 runner runner    87 Feb 22 00:57 dod_evidence_260219_001.txt
gate-light-check	Verify CI Parity Evidence	2026-02-22T00:57:11.1510798Z -rw-r--r-- 1 runner runner   281 Feb 22 00:57 dod_evidence_260219_004.txt
gate-light-check	Verify CI Parity Evidence	2026-02-22T00:57:11.1511327Z -rw-r--r-- 1 runner runner   329 Feb 22 00:57 dod_evidence_260221_004a.txt
gate-light-check	Verify CI Parity Evidence	2026-02-22T00:57:11.1511828Z -rw-r--r-- 1 runner runner   309 Feb 22 00:57 dod_evidence_260221_004f.txt
gate-light-check	Verify CI Parity Evidence	2026-02-22T00:57:11.1512311Z -rw-r--r-- 1 runner runner   140 Feb 22 00:57 dod_evidence_260221_005h.txt
gate-light-check	Verify CI Parity Evidence	2026-02-22T00:57:11.1512791Z -rw-r--r-- 1 runner runner   140 Feb 22 00:57 dod_evidence_260221_005i.txt
gate-light-check	Verify CI Parity Evidence	2026-02-22T00:57:11.1513424Z -rw-r--r-- 1 runner runner   140 Feb 22 00:57 dod_evidence_260221_005j.txt
gate-light-check	Verify CI Parity Evidence	2026-02-22T00:57:11.1514151Z -rw-r--r-- 1 runner runner   140 Feb 22 00:57 dod_evidence_260221_005k.txt
gate-light-check	Verify CI Parity Evidence	2026-02-22T00:57:11.1514667Z -rw-r--r-- 1 runner runner   140 Feb 22 00:57 dod_evidence_260221_005l.txt
gate-light-check	Verify CI Parity Evidence	2026-02-22T00:57:11.1515168Z -rw-r--r-- 1 runner runner   140 Feb 22 00:57 dod_evidence_260221_005m.txt
gate-light-check	Verify CI Parity Evidence	2026-02-22T00:57:11.1515659Z -rw-r--r-- 1 runner runner   140 Feb 22 00:57 dod_evidence_260221_005n.txt
gate-light-check	Verify CI Parity Evidence	2026-02-22T00:57:11.1516140Z -rw-r--r-- 1 runner runner   140 Feb 22 00:57 dod_evidence_260221_005o.txt
gate-light-check	Verify CI Parity Evidence	2026-02-22T00:57:11.1516624Z -rw-r--r-- 1 runner runner   140 Feb 22 00:57 dod_evidence_260221_005r.txt
gate-light-check	Verify CI Parity Evidence	2026-02-22T00:57:11.1517102Z -rw-r--r-- 1 runner runner    69 Feb 22 00:57 errors_260219_001.jsonl
gate-light-check	Verify CI Parity Evidence	2026-02-22T00:57:11.1517560Z -rw-r--r-- 1 runner runner     3 Feb 22 00:57 errors_260219_004.jsonl
gate-light-check	Verify CI Parity Evidence	2026-02-22T00:57:11.1518019Z -rw-r--r-- 1 runner runner   223 Feb 22 00:57 errors_260221_004a.jsonl
gate-light-check	Verify CI Parity Evidence	2026-02-22T00:57:11.1518476Z -rw-r--r-- 1 runner runner   223 Feb 22 00:57 errors_260221_004f.jsonl
gate-light-check	Verify CI Parity Evidence	2026-02-22T00:57:11.1518931Z -rw-r--r-- 1 runner runner   223 Feb 22 00:57 errors_260221_005h.jsonl
gate-light-check	Verify CI Parity Evidence	2026-02-22T00:57:11.1519384Z -rw-r--r-- 1 runner runner   223 Feb 22 00:57 errors_260221_005i.jsonl
gate-light-check	Verify CI Parity Evidence	2026-02-22T00:57:11.1519831Z -rw-r--r-- 1 runner runner   223 Feb 22 00:57 errors_260221_005j.jsonl
gate-light-check	Verify CI Parity Evidence	2026-02-22T00:57:11.1520287Z -rw-r--r-- 1 runner runner   223 Feb 22 00:57 errors_260221_005k.jsonl
gate-light-check	Verify CI Parity Evidence	2026-02-22T00:57:11.1520738Z -rw-r--r-- 1 runner runner   223 Feb 22 00:57 errors_260221_005l.jsonl
gate-light-check	Verify CI Parity Evidence	2026-02-22T00:57:11.1521183Z -rw-r--r-- 1 runner runner   223 Feb 22 00:57 errors_260221_005m.jsonl
gate-light-check	Verify CI Parity Evidence	2026-02-22T00:57:11.1521636Z -rw-r--r-- 1 runner runner   223 Feb 22 00:57 errors_260221_005n.jsonl
gate-light-check	Verify CI Parity Evidence	2026-02-22T00:57:11.1522091Z -rw-r--r-- 1 runner runner   223 Feb 22 00:57 errors_260221_005o.jsonl
gate-light-check	Verify CI Parity Evidence	2026-02-22T00:57:11.1522535Z -rw-r--r-- 1 runner runner   223 Feb 22 00:57 errors_260221_005r.jsonl
gate-light-check	Verify CI Parity Evidence	2026-02-22T00:57:11.1523023Z -rw-r--r-- 1 runner runner    87 Feb 22 00:57 errors_summary_260219_001.txt
gate-light-check	Verify CI Parity Evidence	2026-02-22T00:57:11.1523521Z -rw-r--r-- 1 runner runner    20 Feb 22 00:57 errors_summary_260219_004.txt
gate-light-check	Verify CI Parity Evidence	2026-02-22T00:57:11.1524255Z -rw-r--r-- 1 runner runner   147 Feb 22 00:57 errors_summary_260221_004a.txt
gate-light-check	Verify CI Parity Evidence	2026-02-22T00:57:11.1524773Z -rw-r--r-- 1 runner runner   147 Feb 22 00:57 errors_summary_260221_004f.txt
gate-light-check	Verify CI Parity Evidence	2026-02-22T00:57:11.1525272Z -rw-r--r-- 1 runner runner   208 Feb 22 00:57 errors_summary_260221_005h.txt
gate-light-check	Verify CI Parity Evidence	2026-02-22T00:57:11.1525772Z -rw-r--r-- 1 runner runner   208 Feb 22 00:57 errors_summary_260221_005i.txt
gate-light-check	Verify CI Parity Evidence	2026-02-22T00:57:11.1526273Z -rw-r--r-- 1 runner runner   208 Feb 22 00:57 errors_summary_260221_005j.txt
gate-light-check	Verify CI Parity Evidence	2026-02-22T00:57:11.1526903Z -rw-r--r-- 1 runner runner   208 Feb 22 00:57 errors_summary_260221_005k.txt
gate-light-check	Verify CI Parity Evidence	2026-02-22T00:57:11.1527414Z -rw-r--r-- 1 runner runner   208 Feb 22 00:57 errors_summary_260221_005l.txt
gate-light-check	Verify CI Parity Evidence	2026-02-22T00:57:11.1527927Z -rw-r--r-- 1 runner runner   208 Feb 22 00:57 errors_summary_260221_005m.txt
gate-light-check	Verify CI Parity Evidence	2026-02-22T00:57:11.1528434Z -rw-r--r-- 1 runner runner   208 Feb 22 00:57 errors_summary_260221_005n.txt
gate-light-check	Verify CI Parity Evidence	2026-02-22T00:57:11.1528934Z -rw-r--r-- 1 runner runner   208 Feb 22 00:57 errors_summary_260221_005o.txt
gate-light-check	Verify CI Parity Evidence	2026-02-22T00:57:11.1529435Z -rw-r--r-- 1 runner runner   208 Feb 22 00:57 errors_summary_260221_005r.txt
gate-light-check	Verify CI Parity Evidence	2026-02-22T00:57:11.1529949Z -rw-r--r-- 1 runner runner   795 Feb 22 00:57 evidence_manifest_260219_001.json
gate-light-check	Verify CI Parity Evidence	2026-02-22T00:57:11.1530502Z -rw-r--r-- 1 runner runner   764 Feb 22 00:57 evidence_manifest_260219_004.json
gate-light-check	Verify CI Parity Evidence	2026-02-22T00:57:11.1531046Z -rw-r--r-- 1 runner runner   797 Feb 22 00:57 evidence_manifest_260221_004a.json
gate-light-check	Verify CI Parity Evidence	2026-02-22T00:57:11.1531594Z -rw-r--r-- 1 runner runner   797 Feb 22 00:57 evidence_manifest_260221_004f.json
gate-light-check	Verify CI Parity Evidence	2026-02-22T00:57:11.1532123Z -rw-r--r-- 1 runner runner   872 Feb 22 00:57 evidence_manifest_260221_005h.json
gate-light-check	Verify CI Parity Evidence	2026-02-22T00:57:11.1532642Z -rw-r--r-- 1 runner runner   872 Feb 22 00:57 evidence_manifest_260221_005i.json
gate-light-check	Verify CI Parity Evidence	2026-02-22T00:57:11.1533163Z -rw-r--r-- 1 runner runner   872 Feb 22 00:57 evidence_manifest_260221_005j.json
gate-light-check	Verify CI Parity Evidence	2026-02-22T00:57:11.1533975Z -rw-r--r-- 1 runner runner   872 Feb 22 00:57 evidence_manifest_260221_005k.json
gate-light-check	Verify CI Parity Evidence	2026-02-22T00:57:11.1534542Z -rw-r--r-- 1 runner runner   872 Feb 22 00:57 evidence_manifest_260221_005l.json
gate-light-check	Verify CI Parity Evidence	2026-02-22T00:57:11.1535073Z -rw-r--r-- 1 runner runner   872 Feb 22 00:57 evidence_manifest_260221_005m.json
gate-light-check	Verify CI Parity Evidence	2026-02-22T00:57:11.1535596Z -rw-r--r-- 1 runner runner   872 Feb 22 00:57 evidence_manifest_260221_005n.json
gate-light-check	Verify CI Parity Evidence	2026-02-22T00:57:11.1536110Z -rw-r--r-- 1 runner runner   872 Feb 22 00:57 evidence_manifest_260221_005o.json
gate-light-check	Verify CI Parity Evidence	2026-02-22T00:57:11.1536630Z -rw-r--r-- 1 runner runner   856 Feb 22 00:57 evidence_manifest_260221_005r.json
gate-light-check	Verify CI Parity Evidence	2026-02-22T00:57:11.1537167Z -rw-r--r-- 1 runner runner    22 Feb 22 00:57 gate_light_preview_260219_001.log
gate-light-check	Verify CI Parity Evidence	2026-02-22T00:57:11.1537688Z -rw-r--r-- 1 runner runner  5754 Feb 22 00:57 gate_light_preview_260219_004.log
gate-light-check	Verify CI Parity Evidence	2026-02-22T00:57:11.1538213Z -rw-r--r-- 1 runner runner  4993 Feb 22 00:57 gate_light_preview_260221_004a.log
gate-light-check	Verify CI Parity Evidence	2026-02-22T00:57:11.1538745Z -rw-r--r-- 1 runner runner  4993 Feb 22 00:57 gate_light_preview_260221_004f.log
gate-light-check	Verify CI Parity Evidence	2026-02-22T00:57:11.1539265Z -rw-r--r-- 1 runner runner  4993 Feb 22 00:57 gate_light_preview_260221_005h.log
gate-light-check	Verify CI Parity Evidence	2026-02-22T00:57:11.1539789Z -rw-r--r-- 1 runner runner  4993 Feb 22 00:57 gate_light_preview_260221_005i.log
gate-light-check	Verify CI Parity Evidence	2026-02-22T00:57:11.1540314Z -rw-r--r-- 1 runner runner  4993 Feb 22 00:57 gate_light_preview_260221_005j.log
gate-light-check	Verify CI Parity Evidence	2026-02-22T00:57:11.1540833Z -rw-r--r-- 1 runner runner  4993 Feb 22 00:57 gate_light_preview_260221_005k.log
gate-light-check	Verify CI Parity Evidence	2026-02-22T00:57:11.1541358Z -rw-r--r-- 1 runner runner  4993 Feb 22 00:57 gate_light_preview_260221_005l.log
gate-light-check	Verify CI Parity Evidence	2026-02-22T00:57:11.1541881Z -rw-r--r-- 1 runner runner  4918 Feb 22 00:57 gate_light_preview_260221_005l.txt
gate-light-check	Verify CI Parity Evidence	2026-02-22T00:57:11.1542407Z -rw-r--r-- 1 runner runner  4993 Feb 22 00:57 gate_light_preview_260221_005m.log
gate-light-check	Verify CI Parity Evidence	2026-02-22T00:57:11.1542934Z -rw-r--r-- 1 runner runner  4918 Feb 22 00:57 gate_light_preview_260221_005m.txt
gate-light-check	Verify CI Parity Evidence	2026-02-22T00:57:11.1543457Z -rw-r--r-- 1 runner runner  4993 Feb 22 00:57 gate_light_preview_260221_005n.log
gate-light-check	Verify CI Parity Evidence	2026-02-22T00:57:11.1544177Z -rw-r--r-- 1 runner runner  4918 Feb 22 00:57 gate_light_preview_260221_005n.txt
gate-light-check	Verify CI Parity Evidence	2026-02-22T00:57:11.1544723Z -rw-r--r-- 1 runner runner  4993 Feb 22 00:57 gate_light_preview_260221_005o.log
gate-light-check	Verify CI Parity Evidence	2026-02-22T00:57:11.1545245Z -rw-r--r-- 1 runner runner  3281 Feb 22 00:57 gate_light_preview_260221_005o.txt
gate-light-check	Verify CI Parity Evidence	2026-02-22T00:57:11.1545774Z -rw-r--r-- 1 runner runner  5350 Feb 22 00:57 gate_light_preview_260221_005r.log
gate-light-check	Verify CI Parity Evidence	2026-02-22T00:57:11.1546298Z -rw-r--r-- 1 runner runner  3739 Feb 22 00:57 gate_light_preview_260221_005r.txt
gate-light-check	Verify CI Parity Evidence	2026-02-22T00:57:11.1546955Z -rw-r--r-- 1 runner runner  3735 Feb 22 00:57 generate_evidence_260216_002.mjs
gate-light-check	Verify CI Parity Evidence	2026-02-22T00:57:11.1547478Z -rw-r--r-- 1 runner runner  3766 Feb 22 00:57 generate_evidence_260216_003.js
gate-light-check	Verify CI Parity Evidence	2026-02-22T00:57:11.1547993Z -rw-r--r-- 1 runner runner  4356 Feb 22 00:57 generate_evidence_260216_004.js
gate-light-check	Verify CI Parity Evidence	2026-02-22T00:57:11.1548497Z -rw-r--r-- 1 runner runner  4776 Feb 22 00:57 generate_evidence_260216_008.js
gate-light-check	Verify CI Parity Evidence	2026-02-22T00:57:11.1549230Z -rw-r--r-- 1 runner runner  4295 Feb 22 00:57 generate_evidence_260216_009_WorkflowReleaseGate_FailBudget_NonInteractive.js
gate-light-check	Verify CI Parity Evidence	2026-02-22T00:57:11.1549907Z -rw-r--r-- 1 runner runner  2494 Feb 22 00:57 generate_evidence_260216_010.js
gate-light-check	Verify CI Parity Evidence	2026-02-22T00:57:11.1550420Z -rw-r--r-- 1 runner runner  2184 Feb 22 00:57 generate_evidence_260218_011.js
gate-light-check	Verify CI Parity Evidence	2026-02-22T00:57:11.1550934Z -rw-r--r-- 1 runner runner  3973 Feb 22 00:57 generate_evidence_260218_014.js
gate-light-check	Verify CI Parity Evidence	2026-02-22T00:57:11.1551446Z -rw-r--r-- 1 runner runner  2541 Feb 22 00:57 generate_evidence_260218_018.mjs
gate-light-check	Verify CI Parity Evidence	2026-02-22T00:57:11.1551959Z -rw-r--r-- 1 runner runner   973 Feb 22 00:57 generate_evidence_260218_022.mjs
gate-light-check	Verify CI Parity Evidence	2026-02-22T00:57:11.1552485Z -rw-r--r-- 1 runner runner  6366 Feb 22 00:57 generate_evidence_260219_001.mjs
gate-light-check	Verify CI Parity Evidence	2026-02-22T00:57:11.1552993Z -rw-r--r-- 1 runner runner  2530 Feb 22 00:57 generate_evidence_260219_004.mjs
gate-light-check	Verify CI Parity Evidence	2026-02-22T00:57:11.1553509Z -rw-r--r-- 1 runner runner  2530 Feb 22 00:57 generate_evidence_260219_005.mjs
gate-light-check	Verify CI Parity Evidence	2026-02-22T00:57:11.1554357Z -rw-r--r-- 1 runner runner  2530 Feb 22 00:57 generate_evidence_260219_006.mjs
gate-light-check	Verify CI Parity Evidence	2026-02-22T00:57:11.1554879Z -rw-r--r-- 1 runner runner  2530 Feb 22 00:57 generate_evidence_260220_001.mjs
gate-light-check	Verify CI Parity Evidence	2026-02-22T00:57:11.1555403Z -rw-r--r-- 1 runner runner  2558 Feb 22 00:57 generate_evidence_260221_001d.mjs
gate-light-check	Verify CI Parity Evidence	2026-02-22T00:57:11.1555935Z -rw-r--r-- 1 runner runner  2558 Feb 22 00:57 generate_evidence_260221_001e.mjs
gate-light-check	Verify CI Parity Evidence	2026-02-22T00:57:11.1556457Z -rw-r--r-- 1 runner runner  2558 Feb 22 00:57 generate_evidence_260221_001f.mjs
gate-light-check	Verify CI Parity Evidence	2026-02-22T00:57:11.1556973Z -rw-r--r-- 1 runner runner  2569 Feb 22 00:57 generate_evidence_260221_004.mjs
gate-light-check	Verify CI Parity Evidence	2026-02-22T00:57:11.1557500Z -rw-r--r-- 1 runner runner  2570 Feb 22 00:57 generate_evidence_260221_004a.mjs
gate-light-check	Verify CI Parity Evidence	2026-02-22T00:57:11.1558013Z -rw-r--r-- 1 runner runner  2549 Feb 22 00:57 generate_evidence_260221_004c.mjs
gate-light-check	Verify CI Parity Evidence	2026-02-22T00:57:11.1558530Z -rw-r--r-- 1 runner runner  2549 Feb 22 00:57 generate_evidence_260221_004f.mjs
gate-light-check	Verify CI Parity Evidence	2026-02-22T00:57:11.1559056Z -rw-r--r-- 1 runner runner  2818 Feb 22 00:57 generate_evidence_260221_005h.mjs
gate-light-check	Verify CI Parity Evidence	2026-02-22T00:57:11.1559570Z -rw-r--r-- 1 runner runner  2818 Feb 22 00:57 generate_evidence_260221_005i.mjs
gate-light-check	Verify CI Parity Evidence	2026-02-22T00:57:11.1560089Z -rw-r--r-- 1 runner runner  2818 Feb 22 00:57 generate_evidence_260221_005j.mjs
gate-light-check	Verify CI Parity Evidence	2026-02-22T00:57:11.1560608Z -rw-r--r-- 1 runner runner  2818 Feb 22 00:57 generate_evidence_260221_005k.mjs
gate-light-check	Verify CI Parity Evidence	2026-02-22T00:57:11.1561120Z -rw-r--r-- 1 runner runner  2818 Feb 22 00:57 generate_evidence_260221_005l.mjs
gate-light-check	Verify CI Parity Evidence	2026-02-22T00:57:11.1561636Z -rw-r--r-- 1 runner runner  2818 Feb 22 00:57 generate_evidence_260221_005m.mjs
gate-light-check	Verify CI Parity Evidence	2026-02-22T00:57:11.1562149Z -rw-r--r-- 1 runner runner  2818 Feb 22 00:57 generate_evidence_260221_005n.mjs
gate-light-check	Verify CI Parity Evidence	2026-02-22T00:57:11.1562672Z -rw-r--r-- 1 runner runner  2818 Feb 22 00:57 generate_evidence_260221_005o.mjs
gate-light-check	Verify CI Parity Evidence	2026-02-22T00:57:11.1563192Z -rw-r--r-- 1 runner runner  2818 Feb 22 00:57 generate_evidence_260221_005r.mjs
gate-light-check	Verify CI Parity Evidence	2026-02-22T00:57:11.1563677Z -rw-r--r-- 1 runner runner   126 Feb 22 00:57 git_meta_260219_001.json
gate-light-check	Verify CI Parity Evidence	2026-02-22T00:57:11.1564317Z -rw-r--r-- 1 runner runner   310 Feb 22 00:57 git_meta_260219_004.json
gate-light-check	Verify CI Parity Evidence	2026-02-22T00:57:11.1564791Z -rw-r--r-- 1 runner runner   298 Feb 22 00:57 git_meta_260221_004a.json
gate-light-check	Verify CI Parity Evidence	2026-02-22T00:57:11.1565255Z -rw-r--r-- 1 runner runner   299 Feb 22 00:57 git_meta_260221_004f.json
gate-light-check	Verify CI Parity Evidence	2026-02-22T00:57:11.1565717Z -rw-r--r-- 1 runner runner   183 Feb 22 00:57 git_meta_260221_005h.json
gate-light-check	Verify CI Parity Evidence	2026-02-22T00:57:11.1566178Z -rw-r--r-- 1 runner runner   183 Feb 22 00:57 git_meta_260221_005i.json
gate-light-check	Verify CI Parity Evidence	2026-02-22T00:57:11.1566629Z -rw-r--r-- 1 runner runner   183 Feb 22 00:57 git_meta_260221_005j.json
gate-light-check	Verify CI Parity Evidence	2026-02-22T00:57:11.1567236Z -rw-r--r-- 1 runner runner   183 Feb 22 00:57 git_meta_260221_005k.json
gate-light-check	Verify CI Parity Evidence	2026-02-22T00:57:11.1567707Z -rw-r--r-- 1 runner runner   183 Feb 22 00:57 git_meta_260221_005l.json
gate-light-check	Verify CI Parity Evidence	2026-02-22T00:57:11.1568165Z -rw-r--r-- 1 runner runner   183 Feb 22 00:57 git_meta_260221_005m.json
gate-light-check	Verify CI Parity Evidence	2026-02-22T00:57:11.1568626Z -rw-r--r-- 1 runner runner   183 Feb 22 00:57 git_meta_260221_005n.json
gate-light-check	Verify CI Parity Evidence	2026-02-22T00:57:11.1569084Z -rw-r--r-- 1 runner runner   183 Feb 22 00:57 git_meta_260221_005o.json
gate-light-check	Verify CI Parity Evidence	2026-02-22T00:57:11.1569537Z -rw-r--r-- 1 runner runner   183 Feb 22 00:57 git_meta_260221_005r.json
gate-light-check	Verify CI Parity Evidence	2026-02-22T00:57:11.1570044Z -rw-r--r-- 1 runner runner    99 Feb 22 00:57 manual_verification_260219_001.json
gate-light-check	Verify CI Parity Evidence	2026-02-22T00:57:11.1570579Z -rw-r--r-- 1 runner runner    99 Feb 22 00:57 manual_verification_260219_004.json
gate-light-check	Verify CI Parity Evidence	2026-02-22T00:57:11.1571121Z -rw-r--r-- 1 runner runner    99 Feb 22 00:57 manual_verification_260221_004a.json
gate-light-check	Verify CI Parity Evidence	2026-02-22T00:57:11.1571662Z -rw-r--r-- 1 runner runner    99 Feb 22 00:57 manual_verification_260221_004f.json
gate-light-check	Verify CI Parity Evidence	2026-02-22T00:57:11.1572201Z -rw-r--r-- 1 runner runner    99 Feb 22 00:57 manual_verification_260221_005h.json
gate-light-check	Verify CI Parity Evidence	2026-02-22T00:57:11.1572730Z -rw-r--r-- 1 runner runner    99 Feb 22 00:57 manual_verification_260221_005i.json
gate-light-check	Verify CI Parity Evidence	2026-02-22T00:57:11.1573265Z -rw-r--r-- 1 runner runner    99 Feb 22 00:57 manual_verification_260221_005j.json
gate-light-check	Verify CI Parity Evidence	2026-02-22T00:57:11.1574076Z -rw-r--r-- 1 runner runner    99 Feb 22 00:57 manual_verification_260221_005k.json
gate-light-check	Verify CI Parity Evidence	2026-02-22T00:57:11.1574625Z -rw-r--r-- 1 runner runner    99 Feb 22 00:57 manual_verification_260221_005l.json
gate-light-check	Verify CI Parity Evidence	2026-02-22T00:57:11.1575160Z -rw-r--r-- 1 runner runner    99 Feb 22 00:57 manual_verification_260221_005m.json
gate-light-check	Verify CI Parity Evidence	2026-02-22T00:57:11.1575683Z -rw-r--r-- 1 runner runner    99 Feb 22 00:57 manual_verification_260221_005n.json
gate-light-check	Verify CI Parity Evidence	2026-02-22T00:57:11.1576215Z -rw-r--r-- 1 runner runner    99 Feb 22 00:57 manual_verification_260221_005o.json
gate-light-check	Verify CI Parity Evidence	2026-02-22T00:57:11.1576741Z -rw-r--r-- 1 runner runner    99 Feb 22 00:57 manual_verification_260221_005r.json
gate-light-check	Verify CI Parity Evidence	2026-02-22T00:57:11.1577230Z -rw-r--r-- 1 runner runner  1732 Feb 22 00:57 notify_260219_001.txt
gate-light-check	Verify CI Parity Evidence	2026-02-22T00:57:11.1577675Z -rw-r--r-- 1 runner runner  9661 Feb 22 00:57 notify_260219_004.txt
gate-light-check	Verify CI Parity Evidence	2026-02-22T00:57:11.1578140Z -rw-r--r-- 1 runner runner  9251 Feb 22 00:57 notify_260221_004a.txt
gate-light-check	Verify CI Parity Evidence	2026-02-22T00:57:11.1578589Z -rw-r--r-- 1 runner runner  9245 Feb 22 00:57 notify_260221_004f.txt
gate-light-check	Verify CI Parity Evidence	2026-02-22T00:57:11.1579043Z -rw-r--r-- 1 runner runner  9679 Feb 22 00:57 notify_260221_005h.txt
gate-light-check	Verify CI Parity Evidence	2026-02-22T00:57:11.1579488Z -rw-r--r-- 1 runner runner  9702 Feb 22 00:57 notify_260221_005i.txt
gate-light-check	Verify CI Parity Evidence	2026-02-22T00:57:11.1579930Z -rw-r--r-- 1 runner runner  9702 Feb 22 00:57 notify_260221_005j.txt
gate-light-check	Verify CI Parity Evidence	2026-02-22T00:57:11.1580370Z -rw-r--r-- 1 runner runner  9702 Feb 22 00:57 notify_260221_005k.txt
gate-light-check	Verify CI Parity Evidence	2026-02-22T00:57:11.1580807Z -rw-r--r-- 1 runner runner  9703 Feb 22 00:57 notify_260221_005l.txt
gate-light-check	Verify CI Parity Evidence	2026-02-22T00:57:11.1581273Z -rw-r--r-- 1 runner runner  9703 Feb 22 00:57 notify_260221_005m.txt
gate-light-check	Verify CI Parity Evidence	2026-02-22T00:57:11.1581725Z -rw-r--r-- 1 runner runner  9703 Feb 22 00:57 notify_260221_005n.txt
gate-light-check	Verify CI Parity Evidence	2026-02-22T00:57:11.1582168Z -rw-r--r-- 1 runner runner  9703 Feb 22 00:57 notify_260221_005o.txt
gate-light-check	Verify CI Parity Evidence	2026-02-22T00:57:11.1582613Z -rw-r--r-- 1 runner runner 10214 Feb 22 00:57 notify_260221_005r.txt
gate-light-check	Verify CI Parity Evidence	2026-02-22T00:57:11.1583097Z -rw-r--r-- 1 runner runner   237 Feb 22 00:57 open_pr_guard_260219_001.json
gate-light-check	Verify CI Parity Evidence	2026-02-22T00:57:11.1583600Z -rw-r--r-- 1 runner runner   237 Feb 22 00:57 open_pr_guard_260219_004.json
gate-light-check	Verify CI Parity Evidence	2026-02-22T00:57:11.1584370Z -rw-r--r-- 1 runner runner   237 Feb 22 00:57 open_pr_guard_260221_004a.json
gate-light-check	Verify CI Parity Evidence	2026-02-22T00:57:11.1584894Z -rw-r--r-- 1 runner runner   543 Feb 22 00:57 open_pr_guard_260221_004f.json
gate-light-check	Verify CI Parity Evidence	2026-02-22T00:57:11.1585405Z -rw-r--r-- 1 runner runner  1161 Feb 22 00:57 open_pr_guard_260221_005h.json
gate-light-check	Verify CI Parity Evidence	2026-02-22T00:57:11.1585914Z -rw-r--r-- 1 runner runner  1405 Feb 22 00:57 open_pr_guard_260221_005i.json
gate-light-check	Verify CI Parity Evidence	2026-02-22T00:57:11.1586412Z -rw-r--r-- 1 runner runner  1405 Feb 22 00:57 open_pr_guard_260221_005j.json
gate-light-check	Verify CI Parity Evidence	2026-02-22T00:57:11.1586916Z -rw-r--r-- 1 runner runner  1405 Feb 22 00:57 open_pr_guard_260221_005k.json
gate-light-check	Verify CI Parity Evidence	2026-02-22T00:57:11.1587571Z -rw-r--r-- 1 runner runner  1645 Feb 22 00:57 open_pr_guard_260221_005l.json
gate-light-check	Verify CI Parity Evidence	2026-02-22T00:57:11.1588073Z -rw-r--r-- 1 runner runner  1664 Feb 22 00:57 open_pr_guard_260221_005m.json
gate-light-check	Verify CI Parity Evidence	2026-02-22T00:57:11.1588580Z -rw-r--r-- 1 runner runner  1904 Feb 22 00:57 open_pr_guard_260221_005n.json
gate-light-check	Verify CI Parity Evidence	2026-02-22T00:57:11.1589111Z -rw-r--r-- 1 runner runner  2144 Feb 22 00:57 open_pr_guard_260221_005o.json
gate-light-check	Verify CI Parity Evidence	2026-02-22T00:57:11.1589639Z -rw-r--r-- 1 runner runner   237 Feb 22 00:57 open_pr_guard_260221_005r.json
gate-light-check	Verify CI Parity Evidence	2026-02-22T00:57:11.1590189Z -rw-r--r-- 1 runner runner   159 Feb 22 00:57 preflight_attestation_260219_001.json
gate-light-check	Verify CI Parity Evidence	2026-02-22T00:57:11.1590790Z -rw-r--r-- 1 runner runner   314 Feb 22 00:57 preflight_attestation_260219_004.json
gate-light-check	Verify CI Parity Evidence	2026-02-22T00:57:11.1591356Z -rw-r--r-- 1 runner runner   325 Feb 22 00:57 preflight_attestation_260221_004a.json
gate-light-check	Verify CI Parity Evidence	2026-02-22T00:57:11.1591926Z -rw-r--r-- 1 runner runner   327 Feb 22 00:57 preflight_attestation_260221_004f.json
gate-light-check	Verify CI Parity Evidence	2026-02-22T00:57:11.1592493Z -rw-r--r-- 1 runner runner   323 Feb 22 00:57 preflight_attestation_260221_005h.json
gate-light-check	Verify CI Parity Evidence	2026-02-22T00:57:11.1593042Z -rw-r--r-- 1 runner runner   323 Feb 22 00:57 preflight_attestation_260221_005i.json
gate-light-check	Verify CI Parity Evidence	2026-02-22T00:57:11.1593591Z -rw-r--r-- 1 runner runner   323 Feb 22 00:57 preflight_attestation_260221_005j.json
gate-light-check	Verify CI Parity Evidence	2026-02-22T00:57:11.1594433Z -rw-r--r-- 1 runner runner   323 Feb 22 00:57 preflight_attestation_260221_005k.json
gate-light-check	Verify CI Parity Evidence	2026-02-22T00:57:11.1594992Z -rw-r--r-- 1 runner runner   323 Feb 22 00:57 preflight_attestation_260221_005l.json
gate-light-check	Verify CI Parity Evidence	2026-02-22T00:57:11.1595554Z -rw-r--r-- 1 runner runner   322 Feb 22 00:57 preflight_attestation_260221_005m.json
gate-light-check	Verify CI Parity Evidence	2026-02-22T00:57:11.1596111Z -rw-r--r-- 1 runner runner   323 Feb 22 00:57 preflight_attestation_260221_005n.json
gate-light-check	Verify CI Parity Evidence	2026-02-22T00:57:11.1596669Z -rw-r--r-- 1 runner runner   323 Feb 22 00:57 preflight_attestation_260221_005o.json
gate-light-check	Verify CI Parity Evidence	2026-02-22T00:57:11.1597221Z -rw-r--r-- 1 runner runner   322 Feb 22 00:57 preflight_attestation_260221_005r.json
gate-light-check	Verify CI Parity Evidence	2026-02-22T00:57:11.1597721Z -rw-r--r-- 1 runner runner   461 Feb 22 00:57 result_260219_001.json
gate-light-check	Verify CI Parity Evidence	2026-02-22T00:57:11.1598179Z -rw-r--r-- 1 runner runner   768 Feb 22 00:57 result_260219_004.json
gate-light-check	Verify CI Parity Evidence	2026-02-22T00:57:11.1598647Z -rw-r--r-- 1 runner runner   759 Feb 22 00:57 result_260221_004a.json
gate-light-check	Verify CI Parity Evidence	2026-02-22T00:57:11.1599116Z -rw-r--r-- 1 runner runner   760 Feb 22 00:57 result_260221_004f.json
gate-light-check	Verify CI Parity Evidence	2026-02-22T00:57:11.1599575Z -rw-r--r-- 1 runner runner   481 Feb 22 00:57 result_260221_005h.json
gate-light-check	Verify CI Parity Evidence	2026-02-22T00:57:11.1600028Z -rw-r--r-- 1 runner runner   481 Feb 22 00:57 result_260221_005i.json
gate-light-check	Verify CI Parity Evidence	2026-02-22T00:57:11.1600478Z -rw-r--r-- 1 runner runner   481 Feb 22 00:57 result_260221_005j.json
gate-light-check	Verify CI Parity Evidence	2026-02-22T00:57:11.1600931Z -rw-r--r-- 1 runner runner   481 Feb 22 00:57 result_260221_005k.json
gate-light-check	Verify CI Parity Evidence	2026-02-22T00:57:11.1601383Z -rw-r--r-- 1 runner runner   481 Feb 22 00:57 result_260221_005l.json
gate-light-check	Verify CI Parity Evidence	2026-02-22T00:57:11.1601826Z -rw-r--r-- 1 runner runner   481 Feb 22 00:57 result_260221_005m.json
gate-light-check	Verify CI Parity Evidence	2026-02-22T00:57:11.1602292Z -rw-r--r-- 1 runner runner   481 Feb 22 00:57 result_260221_005n.json
gate-light-check	Verify CI Parity Evidence	2026-02-22T00:57:11.1602762Z -rw-r--r-- 1 runner runner   481 Feb 22 00:57 result_260221_005o.json
gate-light-check	Verify CI Parity Evidence	2026-02-22T00:57:11.1603234Z -rw-r--r-- 1 runner runner   481 Feb 22 00:57 result_260221_005r.json
gate-light-check	Verify CI Parity Evidence	2026-02-22T00:57:11.1603697Z -rw-r--r-- 1 runner runner     7 Feb 22 00:57 run_260219_001.log
gate-light-check	Verify CI Parity Evidence	2026-02-22T00:57:11.1604229Z -rw-r--r-- 1 runner runner 10330 Feb 22 00:57 run_260219_004.log
gate-light-check	Verify CI Parity Evidence	2026-02-22T00:57:11.1604666Z -rw-r--r-- 1 runner runner 11937 Feb 22 00:57 run_260221_004a.log
gate-light-check	Verify CI Parity Evidence	2026-02-22T00:57:11.1605099Z -rw-r--r-- 1 runner runner 12035 Feb 22 00:57 run_260221_004f.log
gate-light-check	Verify CI Parity Evidence	2026-02-22T00:57:11.1605523Z -rw-r--r-- 1 runner runner 12680 Feb 22 00:57 run_260221_005h.log
gate-light-check	Verify CI Parity Evidence	2026-02-22T00:57:11.1605948Z -rw-r--r-- 1 runner runner 12680 Feb 22 00:57 run_260221_005i.log
gate-light-check	Verify CI Parity Evidence	2026-02-22T00:57:11.1606371Z -rw-r--r-- 1 runner runner 12910 Feb 22 00:57 run_260221_005j.log
gate-light-check	Verify CI Parity Evidence	2026-02-22T00:57:11.1606794Z -rw-r--r-- 1 runner runner 12680 Feb 22 00:57 run_260221_005k.log
gate-light-check	Verify CI Parity Evidence	2026-02-22T00:57:11.1607373Z -rw-r--r-- 1 runner runner 13065 Feb 22 00:57 run_260221_005l.log
gate-light-check	Verify CI Parity Evidence	2026-02-22T00:57:11.1607798Z -rw-r--r-- 1 runner runner 13065 Feb 22 00:57 run_260221_005m.log
gate-light-check	Verify CI Parity Evidence	2026-02-22T00:57:11.1608226Z -rw-r--r-- 1 runner runner 13065 Feb 22 00:57 run_260221_005n.log
gate-light-check	Verify CI Parity Evidence	2026-02-22T00:57:11.1608654Z -rw-r--r-- 1 runner runner 13065 Feb 22 00:57 run_260221_005o.log
gate-light-check	Verify CI Parity Evidence	2026-02-22T00:57:11.1609077Z -rw-r--r-- 1 runner runner 13580 Feb 22 00:57 run_260221_005r.log
gate-light-check	Verify CI Parity Evidence	2026-02-22T00:57:11.1609546Z -rw-r--r-- 1 runner runner  1943 Feb 22 00:57 task_report_260218_011.md
gate-light-check	Verify CI Parity Evidence	2026-02-22T00:57:11.1610056Z -rw-r--r-- 1 runner runner  1226 Feb 22 00:57 task_report_260218_013.md
gate-light-check	Verify CI Parity Evidence	2026-02-22T00:57:11.1610527Z -rw-r--r-- 1 runner runner  2254 Feb 22 00:57 task_report_260218_014.md
gate-light-check	Verify CI Parity Evidence	2026-02-22T00:57:11.1611040Z -rw-r--r-- 1 runner runner  1768 Feb 22 00:57 trae_report_snippet_260219_001.txt
gate-light-check	Verify CI Parity Evidence	2026-02-22T00:57:11.1611589Z -rw-r--r-- 1 runner runner  9679 Feb 22 00:57 trae_report_snippet_260219_004.txt
gate-light-check	Verify CI Parity Evidence	2026-02-22T00:57:11.1612130Z -rw-r--r-- 1 runner runner  9269 Feb 22 00:57 trae_report_snippet_260221_004a.txt
gate-light-check	Verify CI Parity Evidence	2026-02-22T00:57:11.1612679Z -rw-r--r-- 1 runner runner  9263 Feb 22 00:57 trae_report_snippet_260221_004f.txt
gate-light-check	Verify CI Parity Evidence	2026-02-22T00:57:11.1613219Z -rw-r--r-- 1 runner runner  9697 Feb 22 00:57 trae_report_snippet_260221_005h.txt
gate-light-check	Verify CI Parity Evidence	2026-02-22T00:57:11.1614011Z -rw-r--r-- 1 runner runner  9720 Feb 22 00:57 trae_report_snippet_260221_005i.txt
gate-light-check	Verify CI Parity Evidence	2026-02-22T00:57:11.1614558Z -rw-r--r-- 1 runner runner  9720 Feb 22 00:57 trae_report_snippet_260221_005j.txt
gate-light-check	Verify CI Parity Evidence	2026-02-22T00:57:11.1615092Z -rw-r--r-- 1 runner runner  9720 Feb 22 00:57 trae_report_snippet_260221_005k.txt
gate-light-check	Verify CI Parity Evidence	2026-02-22T00:57:11.1615631Z -rw-r--r-- 1 runner runner 12085 Feb 22 00:57 trae_report_snippet_260221_005l.txt
gate-light-check	Verify CI Parity Evidence	2026-02-22T00:57:11.1616170Z -rw-r--r-- 1 runner runner 13577 Feb 22 00:57 trae_report_snippet_260221_005m.txt
gate-light-check	Verify CI Parity Evidence	2026-02-22T00:57:11.1616706Z -rw-r--r-- 1 runner runner 15098 Feb 22 00:57 trae_report_snippet_260221_005n.txt
gate-light-check	Verify CI Parity Evidence	2026-02-22T00:57:11.1617252Z -rw-r--r-- 1 runner runner 14994 Feb 22 00:57 trae_report_snippet_260221_005o.txt
gate-light-check	Verify CI Parity Evidence	2026-02-22T00:57:11.1617794Z -rw-r--r-- 1 runner runner 18372 Feb 22 00:57 trae_report_snippet_260221_005r.txt
gate-light-check	Verify CI Parity Evidence	2026-02-22T00:57:11.1618318Z -rw-r--r-- 1 runner runner   917 Feb 22 00:57 workspace_healer_260219_001.json
gate-light-check	Verify CI Parity Evidence	2026-02-22T00:57:11.1618847Z -rw-r--r-- 1 runner runner   917 Feb 22 00:57 workspace_healer_260219_004.json
gate-light-check	Verify CI Parity Evidence	2026-02-22T00:57:11.1619388Z -rw-r--r-- 1 runner runner   975 Feb 22 00:57 workspace_healer_260221_004a.json
gate-light-check	Verify CI Parity Evidence	2026-02-22T00:57:11.1619918Z -rw-r--r-- 1 runner runner   922 Feb 22 00:57 workspace_healer_260221_004f.json
gate-light-check	Verify CI Parity Evidence	2026-02-22T00:57:11.1620441Z -rw-r--r-- 1 runner runner   918 Feb 22 00:57 workspace_healer_260221_005h.json
gate-light-check	Verify CI Parity Evidence	2026-02-22T00:57:11.1620967Z -rw-r--r-- 1 runner runner   918 Feb 22 00:57 workspace_healer_260221_005i.json
gate-light-check	Verify CI Parity Evidence	2026-02-22T00:57:11.1621484Z -rw-r--r-- 1 runner runner   918 Feb 22 00:57 workspace_healer_260221_005j.json
gate-light-check	Verify CI Parity Evidence	2026-02-22T00:57:11.1622008Z -rw-r--r-- 1 runner runner   918 Feb 22 00:57 workspace_healer_260221_005k.json
gate-light-check	Verify CI Parity Evidence	2026-02-22T00:57:11.1622532Z -rw-r--r-- 1 runner runner   918 Feb 22 00:57 workspace_healer_260221_005l.json
gate-light-check	Verify CI Parity Evidence	2026-02-22T00:57:11.1623049Z -rw-r--r-- 1 runner runner   918 Feb 22 00:57 workspace_healer_260221_005m.json
gate-light-check	Verify CI Parity Evidence	2026-02-22T00:57:11.1623571Z -rw-r--r-- 1 runner runner   918 Feb 22 00:57 workspace_healer_260221_005n.json
gate-light-check	Verify CI Parity Evidence	2026-02-22T00:57:11.1624197Z -rw-r--r-- 1 runner runner   918 Feb 22 00:57 workspace_healer_260221_005o.json
gate-light-check	Verify CI Parity Evidence	2026-02-22T00:57:11.1624716Z -rw-r--r-- 1 runner runner   519 Feb 22 00:57 workspace_healer_260221_005r.json
gate-light-check	Generate Error Digest Evidence	﻿2026-02-22T00:57:11.1647225Z ##[group]Run TASK_REF="${GITHUB_HEAD_REF:-${GITHUB_REF_NAME}}"
gate-light-check	Generate Error Digest Evidence	2026-02-22T00:57:11.1647667Z [36;1mTASK_REF="${GITHUB_HEAD_REF:-${GITHUB_REF_NAME}}"[0m
gate-light-check	Generate Error Digest Evidence	2026-02-22T00:57:11.1648121Z [36;1mTASK_ID=$(echo "$TASK_REF" | grep -oE '[0-9]{6}_[0-9]{3}[A-Za-z]?' | head -n 1 || true)[0m
gate-light-check	Generate Error Digest Evidence	2026-02-22T00:57:11.1648528Z [36;1mYEAR="20${TASK_ID:0:2}"[0m
gate-light-check	Generate Error Digest Evidence	2026-02-22T00:57:11.1648753Z [36;1mMONTH="${TASK_ID:2:2}"[0m
gate-light-check	Generate Error Digest Evidence	2026-02-22T00:57:11.1649185Z [36;1mEVIDENCE_DIR="rules/task-reports/${YEAR}-${MONTH}"[0m
gate-light-check	Generate Error Digest Evidence	2026-02-22T00:57:11.1649492Z [36;1mecho "TASK_ID=${TASK_ID}"[0m
gate-light-check	Generate Error Digest Evidence	2026-02-22T00:57:11.1649750Z [36;1mecho "EVIDENCE_DIR=${EVIDENCE_DIR}"[0m
gate-light-check	Generate Error Digest Evidence	2026-02-22T00:57:11.1650014Z [36;1mCOMMIT=$(git rev-parse HEAD)[0m
gate-light-check	Generate Error Digest Evidence	2026-02-22T00:57:11.1650488Z [36;1mnode scripts/error_digest.mjs --task_id "$TASK_ID" --mode CI --commit "$COMMIT" --out_dir "$EVIDENCE_DIR"[0m
gate-light-check	Generate Error Digest Evidence	2026-02-22T00:57:11.1679398Z shell: /usr/bin/bash -e {0}
gate-light-check	Generate Error Digest Evidence	2026-02-22T00:57:11.1679627Z env:
gate-light-check	Generate Error Digest Evidence	2026-02-22T00:57:11.1679877Z   WORKSPACE_HEALER_TMP: /tmp/workspace_healer_260221_005r.json
gate-light-check	Generate Error Digest Evidence	2026-02-22T00:57:11.1680224Z ##[endgroup]
gate-light-check	Generate Error Digest Evidence	2026-02-22T00:57:11.1749900Z TASK_ID=260221_005r
gate-light-check	Generate Error Digest Evidence	2026-02-22T00:57:11.1750231Z EVIDENCE_DIR=rules/task-reports/2026-02
gate-light-check	Generate Error Digest Evidence	2026-02-22T00:57:11.2090463Z [ErrorDigest] Wrote NO_ERROR record to rules/task-reports/2026-02/errors_260221_005r.jsonl
gate-light-check	Generate Error Digest Evidence	2026-02-22T00:57:11.2095760Z [ErrorDigest] Wrote summary to rules/task-reports/2026-02/errors_summary_260221_005r.txt
gate-light-check	Verify Error Digest Evidence	﻿2026-02-22T00:57:11.2174756Z ##[group]Run TASK_REF="${GITHUB_HEAD_REF:-${GITHUB_REF_NAME}}"
gate-light-check	Verify Error Digest Evidence	2026-02-22T00:57:11.2175235Z [36;1mTASK_REF="${GITHUB_HEAD_REF:-${GITHUB_REF_NAME}}"[0m
gate-light-check	Verify Error Digest Evidence	2026-02-22T00:57:11.2175702Z [36;1mTASK_ID=$(echo "$TASK_REF" | grep -oE '[0-9]{6}_[0-9]{3}[A-Za-z]?' | head -n 1 || true)[0m
gate-light-check	Verify Error Digest Evidence	2026-02-22T00:57:11.2176111Z [36;1mYEAR="20${TASK_ID:0:2}"[0m
gate-light-check	Verify Error Digest Evidence	2026-02-22T00:57:11.2176341Z [36;1mMONTH="${TASK_ID:2:2}"[0m
gate-light-check	Verify Error Digest Evidence	2026-02-22T00:57:11.2176634Z [36;1mEVIDENCE_DIR="rules/task-reports/${YEAR}-${MONTH}"[0m
gate-light-check	Verify Error Digest Evidence	2026-02-22T00:57:11.2176938Z [36;1mecho "TASK_ID=${TASK_ID}"[0m
gate-light-check	Verify Error Digest Evidence	2026-02-22T00:57:11.2177192Z [36;1mecho "EVIDENCE_DIR=${EVIDENCE_DIR}"[0m
gate-light-check	Verify Error Digest Evidence	2026-02-22T00:57:11.2177510Z [36;1mEVIDENCE_FILE="${EVIDENCE_DIR}/errors_${TASK_ID}.jsonl"[0m
gate-light-check	Verify Error Digest Evidence	2026-02-22T00:57:11.2177830Z [36;1mls -la "$EVIDENCE_DIR"[0m
gate-light-check	Verify Error Digest Evidence	2026-02-22T00:57:11.2178073Z [36;1mif [ ! -f "$EVIDENCE_FILE" ]; then[0m
gate-light-check	Verify Error Digest Evidence	2026-02-22T00:57:11.2178390Z [36;1m  echo "Missing error digest evidence: $EVIDENCE_FILE"[0m
gate-light-check	Verify Error Digest Evidence	2026-02-22T00:57:11.2178705Z [36;1m  exit 1[0m
gate-light-check	Verify Error Digest Evidence	2026-02-22T00:57:11.2178914Z [36;1mfi[0m
gate-light-check	Verify Error Digest Evidence	2026-02-22T00:57:11.2210235Z shell: /usr/bin/bash -e {0}
gate-light-check	Verify Error Digest Evidence	2026-02-22T00:57:11.2210466Z env:
gate-light-check	Verify Error Digest Evidence	2026-02-22T00:57:11.2210712Z   WORKSPACE_HEALER_TMP: /tmp/workspace_healer_260221_005r.json
gate-light-check	Verify Error Digest Evidence	2026-02-22T00:57:11.2211039Z ##[endgroup]
gate-light-check	Verify Error Digest Evidence	2026-02-22T00:57:11.2284690Z TASK_ID=260221_005r
gate-light-check	Verify Error Digest Evidence	2026-02-22T00:57:11.2285383Z EVIDENCE_DIR=rules/task-reports/2026-02
gate-light-check	Verify Error Digest Evidence	2026-02-22T00:57:11.2318239Z total 1752
gate-light-check	Verify Error Digest Evidence	2026-02-22T00:57:11.2318878Z drwxr-xr-x 2 runner runner 20480 Feb 22 00:57 .
gate-light-check	Verify Error Digest Evidence	2026-02-22T00:57:11.2319604Z drwxr-xr-x 8 runner runner  4096 Feb 22 00:57 ..
gate-light-check	Verify Error Digest Evidence	2026-02-22T00:57:11.2320471Z -rw-r--r-- 1 runner runner    33 Feb 22 00:57 .budget_260221_004f.json
gate-light-check	Verify Error Digest Evidence	2026-02-22T00:57:11.2321373Z -rw-r--r-- 1 runner runner    33 Feb 22 00:57 .budget_260221_005h.json
gate-light-check	Verify Error Digest Evidence	2026-02-22T00:57:11.2322240Z -rw-r--r-- 1 runner runner    33 Feb 22 00:57 .budget_260221_005i.json
gate-light-check	Verify Error Digest Evidence	2026-02-22T00:57:11.2323064Z -rw-r--r-- 1 runner runner    33 Feb 22 00:57 .budget_260221_005j.json
gate-light-check	Verify Error Digest Evidence	2026-02-22T00:57:11.2323607Z -rw-r--r-- 1 runner runner    33 Feb 22 00:57 .budget_260221_005k.json
gate-light-check	Verify Error Digest Evidence	2026-02-22T00:57:11.2324381Z -rw-r--r-- 1 runner runner    33 Feb 22 00:57 .budget_260221_005l.json
gate-light-check	Verify Error Digest Evidence	2026-02-22T00:57:11.2324898Z -rw-r--r-- 1 runner runner    33 Feb 22 00:57 .budget_260221_005m.json
gate-light-check	Verify Error Digest Evidence	2026-02-22T00:57:11.2325518Z -rw-r--r-- 1 runner runner    33 Feb 22 00:57 .budget_260221_005n.json
gate-light-check	Verify Error Digest Evidence	2026-02-22T00:57:11.2326558Z -rw-r--r-- 1 runner runner    33 Feb 22 00:57 .budget_260221_005o.json
gate-light-check	Verify Error Digest Evidence	2026-02-22T00:57:11.2327382Z -rw-r--r-- 1 runner runner    33 Feb 22 00:57 .budget_260221_005r.json
gate-light-check	Verify Error Digest Evidence	2026-02-22T00:57:11.2327864Z -rw-r--r-- 1 runner runner   869 Feb 22 00:57 260219_001.json
gate-light-check	Verify Error Digest Evidence	2026-02-22T00:57:11.2328440Z -rw-r--r-- 1 runner runner   171 Feb 22 00:57 260219_001_healthcheck_53122_pairs.txt
gate-light-check	Verify Error Digest Evidence	2026-02-22T00:57:11.2329043Z -rw-r--r-- 1 runner runner   166 Feb 22 00:57 260219_001_healthcheck_53122_root.txt
gate-light-check	Verify Error Digest Evidence	2026-02-22T00:57:11.2329642Z -rw-r--r-- 1 runner runner   171 Feb 22 00:57 260219_004_healthcheck_53122_pairs.txt
gate-light-check	Verify Error Digest Evidence	2026-02-22T00:57:11.2330466Z -rw-r--r-- 1 runner runner   166 Feb 22 00:57 260219_004_healthcheck_53122_root.txt
gate-light-check	Verify Error Digest Evidence	2026-02-22T00:57:11.2330986Z -rw-r--r-- 1 runner runner  1168 Feb 22 00:57 260221_004a.json
gate-light-check	Verify Error Digest Evidence	2026-02-22T00:57:11.2331532Z -rw-r--r-- 1 runner runner   171 Feb 22 00:57 260221_004a_healthcheck_53122_pairs.txt
gate-light-check	Verify Error Digest Evidence	2026-02-22T00:57:11.2332108Z -rw-r--r-- 1 runner runner   166 Feb 22 00:57 260221_004a_healthcheck_53122_root.txt
gate-light-check	Verify Error Digest Evidence	2026-02-22T00:57:11.2332665Z -rw-r--r-- 1 runner runner   171 Feb 22 00:57 260221_004f_healthcheck_53122_pairs.txt
gate-light-check	Verify Error Digest Evidence	2026-02-22T00:57:11.2333219Z -rw-r--r-- 1 runner runner   166 Feb 22 00:57 260221_004f_healthcheck_53122_root.txt
gate-light-check	Verify Error Digest Evidence	2026-02-22T00:57:11.2333695Z -rw-r--r-- 1 runner runner   870 Feb 22 00:57 260221_005h.json
gate-light-check	Verify Error Digest Evidence	2026-02-22T00:57:11.2334393Z -rw-r--r-- 1 runner runner   171 Feb 22 00:57 260221_005h_healthcheck_53122_pairs.txt
gate-light-check	Verify Error Digest Evidence	2026-02-22T00:57:11.2334943Z -rw-r--r-- 1 runner runner   166 Feb 22 00:57 260221_005h_healthcheck_53122_root.txt
gate-light-check	Verify Error Digest Evidence	2026-02-22T00:57:11.2335414Z -rw-r--r-- 1 runner runner   870 Feb 22 00:57 260221_005i.json
gate-light-check	Verify Error Digest Evidence	2026-02-22T00:57:11.2336120Z -rw-r--r-- 1 runner runner   171 Feb 22 00:57 260221_005i_healthcheck_53122_pairs.txt
gate-light-check	Verify Error Digest Evidence	2026-02-22T00:57:11.2336691Z -rw-r--r-- 1 runner runner   166 Feb 22 00:57 260221_005i_healthcheck_53122_root.txt
gate-light-check	Verify Error Digest Evidence	2026-02-22T00:57:11.2337172Z -rw-r--r-- 1 runner runner   870 Feb 22 00:57 260221_005j.json
gate-light-check	Verify Error Digest Evidence	2026-02-22T00:57:11.2337653Z -rw-r--r-- 1 runner runner   171 Feb 22 00:57 260221_005j_healthcheck_53122_pairs.txt
gate-light-check	Verify Error Digest Evidence	2026-02-22T00:57:11.2338200Z -rw-r--r-- 1 runner runner   166 Feb 22 00:57 260221_005j_healthcheck_53122_root.txt
gate-light-check	Verify Error Digest Evidence	2026-02-22T00:57:11.2338666Z -rw-r--r-- 1 runner runner   870 Feb 22 00:57 260221_005k.json
gate-light-check	Verify Error Digest Evidence	2026-02-22T00:57:11.2339147Z -rw-r--r-- 1 runner runner   171 Feb 22 00:57 260221_005k_healthcheck_53122_pairs.txt
gate-light-check	Verify Error Digest Evidence	2026-02-22T00:57:11.2339700Z -rw-r--r-- 1 runner runner   166 Feb 22 00:57 260221_005k_healthcheck_53122_root.txt
gate-light-check	Verify Error Digest Evidence	2026-02-22T00:57:11.2340168Z -rw-r--r-- 1 runner runner   870 Feb 22 00:57 260221_005l.json
gate-light-check	Verify Error Digest Evidence	2026-02-22T00:57:11.2340669Z -rw-r--r-- 1 runner runner   171 Feb 22 00:57 260221_005l_healthcheck_53122_pairs.txt
gate-light-check	Verify Error Digest Evidence	2026-02-22T00:57:11.2341224Z -rw-r--r-- 1 runner runner   166 Feb 22 00:57 260221_005l_healthcheck_53122_root.txt
gate-light-check	Verify Error Digest Evidence	2026-02-22T00:57:11.2341696Z -rw-r--r-- 1 runner runner   870 Feb 22 00:57 260221_005m.json
gate-light-check	Verify Error Digest Evidence	2026-02-22T00:57:11.2342193Z -rw-r--r-- 1 runner runner   171 Feb 22 00:57 260221_005m_healthcheck_53122_pairs.txt
gate-light-check	Verify Error Digest Evidence	2026-02-22T00:57:11.2342744Z -rw-r--r-- 1 runner runner   166 Feb 22 00:57 260221_005m_healthcheck_53122_root.txt
gate-light-check	Verify Error Digest Evidence	2026-02-22T00:57:11.2343212Z -rw-r--r-- 1 runner runner   870 Feb 22 00:57 260221_005n.json
gate-light-check	Verify Error Digest Evidence	2026-02-22T00:57:11.2343697Z -rw-r--r-- 1 runner runner   171 Feb 22 00:57 260221_005n_healthcheck_53122_pairs.txt
gate-light-check	Verify Error Digest Evidence	2026-02-22T00:57:11.2344496Z -rw-r--r-- 1 runner runner   166 Feb 22 00:57 260221_005n_healthcheck_53122_root.txt
gate-light-check	Verify Error Digest Evidence	2026-02-22T00:57:11.2344992Z -rw-r--r-- 1 runner runner   870 Feb 22 00:57 260221_005o.json
gate-light-check	Verify Error Digest Evidence	2026-02-22T00:57:11.2345501Z -rw-r--r-- 1 runner runner   171 Feb 22 00:57 260221_005o_healthcheck_53122_pairs.txt
gate-light-check	Verify Error Digest Evidence	2026-02-22T00:57:11.2346079Z -rw-r--r-- 1 runner runner   166 Feb 22 00:57 260221_005o_healthcheck_53122_root.txt
gate-light-check	Verify Error Digest Evidence	2026-02-22T00:57:11.2346556Z -rw-r--r-- 1 runner runner   870 Feb 22 00:57 260221_005r.json
gate-light-check	Verify Error Digest Evidence	2026-02-22T00:57:11.2347054Z -rw-r--r-- 1 runner runner   171 Feb 22 00:57 260221_005r_healthcheck_53122_pairs.txt
gate-light-check	Verify Error Digest Evidence	2026-02-22T00:57:11.2347604Z -rw-r--r-- 1 runner runner   166 Feb 22 00:57 260221_005r_healthcheck_53122_root.txt
gate-light-check	Verify Error Digest Evidence	2026-02-22T00:57:11.2348121Z -rw-r--r-- 1 runner runner   276 Feb 22 00:57 auto_pr_260219_001.json
gate-light-check	Verify Error Digest Evidence	2026-02-22T00:57:11.2348602Z -rw-r--r-- 1 runner runner   539 Feb 22 00:57 auto_pr_260221_004a.json
gate-light-check	Verify Error Digest Evidence	2026-02-22T00:57:11.2349066Z -rw-r--r-- 1 runner runner   541 Feb 22 00:57 auto_pr_260221_004f.json
gate-light-check	Verify Error Digest Evidence	2026-02-22T00:57:11.2349533Z -rw-r--r-- 1 runner runner   533 Feb 22 00:57 auto_pr_260221_005h.json
gate-light-check	Verify Error Digest Evidence	2026-02-22T00:57:11.2349995Z -rw-r--r-- 1 runner runner   533 Feb 22 00:57 auto_pr_260221_005i.json
gate-light-check	Verify Error Digest Evidence	2026-02-22T00:57:11.2350450Z -rw-r--r-- 1 runner runner   533 Feb 22 00:57 auto_pr_260221_005j.json
gate-light-check	Verify Error Digest Evidence	2026-02-22T00:57:11.2351075Z -rw-r--r-- 1 runner runner   533 Feb 22 00:57 auto_pr_260221_005k.json
gate-light-check	Verify Error Digest Evidence	2026-02-22T00:57:11.2351548Z -rw-r--r-- 1 runner runner   533 Feb 22 00:57 auto_pr_260221_005l.json
gate-light-check	Verify Error Digest Evidence	2026-02-22T00:57:11.2352017Z -rw-r--r-- 1 runner runner   533 Feb 22 00:57 auto_pr_260221_005m.json
gate-light-check	Verify Error Digest Evidence	2026-02-22T00:57:11.2352484Z -rw-r--r-- 1 runner runner   533 Feb 22 00:57 auto_pr_260221_005n.json
gate-light-check	Verify Error Digest Evidence	2026-02-22T00:57:11.2352945Z -rw-r--r-- 1 runner runner   533 Feb 22 00:57 auto_pr_260221_005o.json
gate-light-check	Verify Error Digest Evidence	2026-02-22T00:57:11.2353398Z -rw-r--r-- 1 runner runner   533 Feb 22 00:57 auto_pr_260221_005r.json
gate-light-check	Verify Error Digest Evidence	2026-02-22T00:57:11.2354148Z -rw-r--r-- 1 runner runner   593 Feb 22 00:57 ci_dod_requirements_260219_004_FIX3.txt
gate-light-check	Verify Error Digest Evidence	2026-02-22T00:57:11.2355005Z -rw-r--r-- 1 runner runner  1968 Feb 22 00:57 ci_parity_260219_001.json
gate-light-check	Verify Error Digest Evidence	2026-02-22T00:57:11.2355491Z -rw-r--r-- 1 runner runner  2039 Feb 22 00:57 ci_parity_260219_004.json
gate-light-check	Verify Error Digest Evidence	2026-02-22T00:57:11.2355974Z -rw-r--r-- 1 runner runner   572 Feb 22 00:57 ci_parity_260221_004a.json
gate-light-check	Verify Error Digest Evidence	2026-02-22T00:57:11.2356627Z -rw-r--r-- 1 runner runner  2278 Feb 22 00:57 ci_parity_260221_004f.json
gate-light-check	Verify Error Digest Evidence	2026-02-22T00:57:11.2357115Z -rw-r--r-- 1 runner runner   528 Feb 22 00:57 ci_parity_260221_005h.json
gate-light-check	Verify Error Digest Evidence	2026-02-22T00:57:11.2357594Z -rw-r--r-- 1 runner runner  2145 Feb 22 00:57 ci_parity_260221_005i.json
gate-light-check	Verify Error Digest Evidence	2026-02-22T00:57:11.2358064Z -rw-r--r-- 1 runner runner  3693 Feb 22 00:57 ci_parity_260221_005j.json
gate-light-check	Verify Error Digest Evidence	2026-02-22T00:57:11.2358539Z -rw-r--r-- 1 runner runner  5241 Feb 22 00:57 ci_parity_260221_005k.json
gate-light-check	Verify Error Digest Evidence	2026-02-22T00:57:11.2359009Z -rw-r--r-- 1 runner runner  6790 Feb 22 00:57 ci_parity_260221_005l.json
gate-light-check	Verify Error Digest Evidence	2026-02-22T00:57:11.2359477Z -rw-r--r-- 1 runner runner  8407 Feb 22 00:57 ci_parity_260221_005m.json
gate-light-check	Verify Error Digest Evidence	2026-02-22T00:57:11.2359952Z -rw-r--r-- 1 runner runner 10024 Feb 22 00:57 ci_parity_260221_005n.json
gate-light-check	Verify Error Digest Evidence	2026-02-22T00:57:11.2360426Z -rw-r--r-- 1 runner runner 11687 Feb 22 00:57 ci_parity_260221_005o.json
gate-light-check	Verify Error Digest Evidence	2026-02-22T00:57:11.2360895Z -rw-r--r-- 1 runner runner 14904 Feb 22 00:57 ci_parity_260221_005r.json
gate-light-check	Verify Error Digest Evidence	2026-02-22T00:57:11.2361422Z -rw-r--r-- 1 runner runner   375 Feb 22 00:57 contract_self_check_260221_005h.txt
gate-light-check	Verify Error Digest Evidence	2026-02-22T00:57:11.2361967Z -rw-r--r-- 1 runner runner   375 Feb 22 00:57 contract_self_check_260221_005i.txt
gate-light-check	Verify Error Digest Evidence	2026-02-22T00:57:11.2362517Z -rw-r--r-- 1 runner runner   276 Feb 22 00:57 contract_self_check_260221_005j.txt
gate-light-check	Verify Error Digest Evidence	2026-02-22T00:57:11.2363065Z -rw-r--r-- 1 runner runner   276 Feb 22 00:57 contract_self_check_260221_005k.txt
gate-light-check	Verify Error Digest Evidence	2026-02-22T00:57:11.2363601Z -rw-r--r-- 1 runner runner   276 Feb 22 00:57 contract_self_check_260221_005l.txt
gate-light-check	Verify Error Digest Evidence	2026-02-22T00:57:11.2364380Z -rw-r--r-- 1 runner runner   276 Feb 22 00:57 contract_self_check_260221_005m.txt
gate-light-check	Verify Error Digest Evidence	2026-02-22T00:57:11.2364922Z -rw-r--r-- 1 runner runner   276 Feb 22 00:57 contract_self_check_260221_005n.txt
gate-light-check	Verify Error Digest Evidence	2026-02-22T00:57:11.2365453Z -rw-r--r-- 1 runner runner   276 Feb 22 00:57 contract_self_check_260221_005o.txt
gate-light-check	Verify Error Digest Evidence	2026-02-22T00:57:11.2365989Z -rw-r--r-- 1 runner runner   276 Feb 22 00:57 contract_self_check_260221_005r.txt
gate-light-check	Verify Error Digest Evidence	2026-02-22T00:57:11.2366545Z -rw-r--r-- 1 runner runner  1878 Feb 22 00:57 deliverables_index_260219_001.json
gate-light-check	Verify Error Digest Evidence	2026-02-22T00:57:11.2367084Z -rw-r--r-- 1 runner runner  1884 Feb 22 00:57 deliverables_index_260219_004.json
gate-light-check	Verify Error Digest Evidence	2026-02-22T00:57:11.2367623Z -rw-r--r-- 1 runner runner  1904 Feb 22 00:57 deliverables_index_260221_004a.json
gate-light-check	Verify Error Digest Evidence	2026-02-22T00:57:11.2368165Z -rw-r--r-- 1 runner runner  1904 Feb 22 00:57 deliverables_index_260221_004f.json
gate-light-check	Verify Error Digest Evidence	2026-02-22T00:57:11.2368701Z -rw-r--r-- 1 runner runner  2022 Feb 22 00:57 deliverables_index_260221_005h.json
gate-light-check	Verify Error Digest Evidence	2026-02-22T00:57:11.2369241Z -rw-r--r-- 1 runner runner  2130 Feb 22 00:57 deliverables_index_260221_005i.json
gate-light-check	Verify Error Digest Evidence	2026-02-22T00:57:11.2369782Z -rw-r--r-- 1 runner runner  2130 Feb 22 00:57 deliverables_index_260221_005j.json
gate-light-check	Verify Error Digest Evidence	2026-02-22T00:57:11.2370314Z -rw-r--r-- 1 runner runner  2130 Feb 22 00:57 deliverables_index_260221_005k.json
gate-light-check	Verify Error Digest Evidence	2026-02-22T00:57:11.2370854Z -rw-r--r-- 1 runner runner  2130 Feb 22 00:57 deliverables_index_260221_005l.json
gate-light-check	Verify Error Digest Evidence	2026-02-22T00:57:11.2371548Z -rw-r--r-- 1 runner runner  2130 Feb 22 00:57 deliverables_index_260221_005m.json
gate-light-check	Verify Error Digest Evidence	2026-02-22T00:57:11.2372090Z -rw-r--r-- 1 runner runner  2131 Feb 22 00:57 deliverables_index_260221_005n.json
gate-light-check	Verify Error Digest Evidence	2026-02-22T00:57:11.2372641Z -rw-r--r-- 1 runner runner  2131 Feb 22 00:57 deliverables_index_260221_005o.json
gate-light-check	Verify Error Digest Evidence	2026-02-22T00:57:11.2373185Z -rw-r--r-- 1 runner runner  2131 Feb 22 00:57 deliverables_index_260221_005r.json
gate-light-check	Verify Error Digest Evidence	2026-02-22T00:57:11.2373709Z -rw-r--r-- 1 runner runner    87 Feb 22 00:57 dod_evidence_260219_001.txt
gate-light-check	Verify Error Digest Evidence	2026-02-22T00:57:11.2374422Z -rw-r--r-- 1 runner runner   281 Feb 22 00:57 dod_evidence_260219_004.txt
gate-light-check	Verify Error Digest Evidence	2026-02-22T00:57:11.2374917Z -rw-r--r-- 1 runner runner   329 Feb 22 00:57 dod_evidence_260221_004a.txt
gate-light-check	Verify Error Digest Evidence	2026-02-22T00:57:11.2375419Z -rw-r--r-- 1 runner runner   309 Feb 22 00:57 dod_evidence_260221_004f.txt
gate-light-check	Verify Error Digest Evidence	2026-02-22T00:57:11.2375923Z -rw-r--r-- 1 runner runner   140 Feb 22 00:57 dod_evidence_260221_005h.txt
gate-light-check	Verify Error Digest Evidence	2026-02-22T00:57:11.2376420Z -rw-r--r-- 1 runner runner   140 Feb 22 00:57 dod_evidence_260221_005i.txt
gate-light-check	Verify Error Digest Evidence	2026-02-22T00:57:11.2377054Z -rw-r--r-- 1 runner runner   140 Feb 22 00:57 dod_evidence_260221_005j.txt
gate-light-check	Verify Error Digest Evidence	2026-02-22T00:57:11.2377552Z -rw-r--r-- 1 runner runner   140 Feb 22 00:57 dod_evidence_260221_005k.txt
gate-light-check	Verify Error Digest Evidence	2026-02-22T00:57:11.2378036Z -rw-r--r-- 1 runner runner   140 Feb 22 00:57 dod_evidence_260221_005l.txt
gate-light-check	Verify Error Digest Evidence	2026-02-22T00:57:11.2378527Z -rw-r--r-- 1 runner runner   140 Feb 22 00:57 dod_evidence_260221_005m.txt
gate-light-check	Verify Error Digest Evidence	2026-02-22T00:57:11.2379084Z -rw-r--r-- 1 runner runner   140 Feb 22 00:57 dod_evidence_260221_005n.txt
gate-light-check	Verify Error Digest Evidence	2026-02-22T00:57:11.2379575Z -rw-r--r-- 1 runner runner   140 Feb 22 00:57 dod_evidence_260221_005o.txt
gate-light-check	Verify Error Digest Evidence	2026-02-22T00:57:11.2380058Z -rw-r--r-- 1 runner runner   140 Feb 22 00:57 dod_evidence_260221_005r.txt
gate-light-check	Verify Error Digest Evidence	2026-02-22T00:57:11.2380534Z -rw-r--r-- 1 runner runner    69 Feb 22 00:57 errors_260219_001.jsonl
gate-light-check	Verify Error Digest Evidence	2026-02-22T00:57:11.2381004Z -rw-r--r-- 1 runner runner     3 Feb 22 00:57 errors_260219_004.jsonl
gate-light-check	Verify Error Digest Evidence	2026-02-22T00:57:11.2381475Z -rw-r--r-- 1 runner runner   223 Feb 22 00:57 errors_260221_004a.jsonl
gate-light-check	Verify Error Digest Evidence	2026-02-22T00:57:11.2381953Z -rw-r--r-- 1 runner runner   223 Feb 22 00:57 errors_260221_004f.jsonl
gate-light-check	Verify Error Digest Evidence	2026-02-22T00:57:11.2382422Z -rw-r--r-- 1 runner runner   223 Feb 22 00:57 errors_260221_005h.jsonl
gate-light-check	Verify Error Digest Evidence	2026-02-22T00:57:11.2382879Z -rw-r--r-- 1 runner runner   223 Feb 22 00:57 errors_260221_005i.jsonl
gate-light-check	Verify Error Digest Evidence	2026-02-22T00:57:11.2383341Z -rw-r--r-- 1 runner runner   223 Feb 22 00:57 errors_260221_005j.jsonl
gate-light-check	Verify Error Digest Evidence	2026-02-22T00:57:11.2383800Z -rw-r--r-- 1 runner runner   223 Feb 22 00:57 errors_260221_005k.jsonl
gate-light-check	Verify Error Digest Evidence	2026-02-22T00:57:11.2384434Z -rw-r--r-- 1 runner runner   223 Feb 22 00:57 errors_260221_005l.jsonl
gate-light-check	Verify Error Digest Evidence	2026-02-22T00:57:11.2384901Z -rw-r--r-- 1 runner runner   223 Feb 22 00:57 errors_260221_005m.jsonl
gate-light-check	Verify Error Digest Evidence	2026-02-22T00:57:11.2385357Z -rw-r--r-- 1 runner runner   223 Feb 22 00:57 errors_260221_005n.jsonl
gate-light-check	Verify Error Digest Evidence	2026-02-22T00:57:11.2385809Z -rw-r--r-- 1 runner runner   223 Feb 22 00:57 errors_260221_005o.jsonl
gate-light-check	Verify Error Digest Evidence	2026-02-22T00:57:11.2386270Z -rw-r--r-- 1 runner runner   216 Feb 22 00:57 errors_260221_005r.jsonl
gate-light-check	Verify Error Digest Evidence	2026-02-22T00:57:11.2386760Z -rw-r--r-- 1 runner runner    87 Feb 22 00:57 errors_summary_260219_001.txt
gate-light-check	Verify Error Digest Evidence	2026-02-22T00:57:11.2387270Z -rw-r--r-- 1 runner runner    20 Feb 22 00:57 errors_summary_260219_004.txt
gate-light-check	Verify Error Digest Evidence	2026-02-22T00:57:11.2387776Z -rw-r--r-- 1 runner runner   147 Feb 22 00:57 errors_summary_260221_004a.txt
gate-light-check	Verify Error Digest Evidence	2026-02-22T00:57:11.2388279Z -rw-r--r-- 1 runner runner   147 Feb 22 00:57 errors_summary_260221_004f.txt
gate-light-check	Verify Error Digest Evidence	2026-02-22T00:57:11.2388783Z -rw-r--r-- 1 runner runner   208 Feb 22 00:57 errors_summary_260221_005h.txt
gate-light-check	Verify Error Digest Evidence	2026-02-22T00:57:11.2389289Z -rw-r--r-- 1 runner runner   208 Feb 22 00:57 errors_summary_260221_005i.txt
gate-light-check	Verify Error Digest Evidence	2026-02-22T00:57:11.2389789Z -rw-r--r-- 1 runner runner   208 Feb 22 00:57 errors_summary_260221_005j.txt
gate-light-check	Verify Error Digest Evidence	2026-02-22T00:57:11.2390292Z -rw-r--r-- 1 runner runner   208 Feb 22 00:57 errors_summary_260221_005k.txt
gate-light-check	Verify Error Digest Evidence	2026-02-22T00:57:11.2390795Z -rw-r--r-- 1 runner runner   208 Feb 22 00:57 errors_summary_260221_005l.txt
gate-light-check	Verify Error Digest Evidence	2026-02-22T00:57:11.2391294Z -rw-r--r-- 1 runner runner   208 Feb 22 00:57 errors_summary_260221_005m.txt
gate-light-check	Verify Error Digest Evidence	2026-02-22T00:57:11.2391933Z -rw-r--r-- 1 runner runner   208 Feb 22 00:57 errors_summary_260221_005n.txt
gate-light-check	Verify Error Digest Evidence	2026-02-22T00:57:11.2392439Z -rw-r--r-- 1 runner runner   208 Feb 22 00:57 errors_summary_260221_005o.txt
gate-light-check	Verify Error Digest Evidence	2026-02-22T00:57:11.2392936Z -rw-r--r-- 1 runner runner   378 Feb 22 00:57 errors_summary_260221_005r.txt
gate-light-check	Verify Error Digest Evidence	2026-02-22T00:57:11.2393459Z -rw-r--r-- 1 runner runner   795 Feb 22 00:57 evidence_manifest_260219_001.json
gate-light-check	Verify Error Digest Evidence	2026-02-22T00:57:11.2394204Z -rw-r--r-- 1 runner runner   764 Feb 22 00:57 evidence_manifest_260219_004.json
gate-light-check	Verify Error Digest Evidence	2026-02-22T00:57:11.2394753Z -rw-r--r-- 1 runner runner   797 Feb 22 00:57 evidence_manifest_260221_004a.json
gate-light-check	Verify Error Digest Evidence	2026-02-22T00:57:11.2395286Z -rw-r--r-- 1 runner runner   797 Feb 22 00:57 evidence_manifest_260221_004f.json
gate-light-check	Verify Error Digest Evidence	2026-02-22T00:57:11.2395805Z -rw-r--r-- 1 runner runner   872 Feb 22 00:57 evidence_manifest_260221_005h.json
gate-light-check	Verify Error Digest Evidence	2026-02-22T00:57:11.2396332Z -rw-r--r-- 1 runner runner   872 Feb 22 00:57 evidence_manifest_260221_005i.json
gate-light-check	Verify Error Digest Evidence	2026-02-22T00:57:11.2396880Z -rw-r--r-- 1 runner runner   872 Feb 22 00:57 evidence_manifest_260221_005j.json
gate-light-check	Verify Error Digest Evidence	2026-02-22T00:57:11.2397540Z -rw-r--r-- 1 runner runner   872 Feb 22 00:57 evidence_manifest_260221_005k.json
gate-light-check	Verify Error Digest Evidence	2026-02-22T00:57:11.2398069Z -rw-r--r-- 1 runner runner   872 Feb 22 00:57 evidence_manifest_260221_005l.json
gate-light-check	Verify Error Digest Evidence	2026-02-22T00:57:11.2398599Z -rw-r--r-- 1 runner runner   872 Feb 22 00:57 evidence_manifest_260221_005m.json
gate-light-check	Verify Error Digest Evidence	2026-02-22T00:57:11.2399117Z -rw-r--r-- 1 runner runner   872 Feb 22 00:57 evidence_manifest_260221_005n.json
gate-light-check	Verify Error Digest Evidence	2026-02-22T00:57:11.2399643Z -rw-r--r-- 1 runner runner   872 Feb 22 00:57 evidence_manifest_260221_005o.json
gate-light-check	Verify Error Digest Evidence	2026-02-22T00:57:11.2400170Z -rw-r--r-- 1 runner runner   856 Feb 22 00:57 evidence_manifest_260221_005r.json
gate-light-check	Verify Error Digest Evidence	2026-02-22T00:57:11.2400698Z -rw-r--r-- 1 runner runner    22 Feb 22 00:57 gate_light_preview_260219_001.log
gate-light-check	Verify Error Digest Evidence	2026-02-22T00:57:11.2401239Z -rw-r--r-- 1 runner runner  5754 Feb 22 00:57 gate_light_preview_260219_004.log
gate-light-check	Verify Error Digest Evidence	2026-02-22T00:57:11.2401774Z -rw-r--r-- 1 runner runner  4993 Feb 22 00:57 gate_light_preview_260221_004a.log
gate-light-check	Verify Error Digest Evidence	2026-02-22T00:57:11.2402314Z -rw-r--r-- 1 runner runner  4993 Feb 22 00:57 gate_light_preview_260221_004f.log
gate-light-check	Verify Error Digest Evidence	2026-02-22T00:57:11.2402856Z -rw-r--r-- 1 runner runner  4993 Feb 22 00:57 gate_light_preview_260221_005h.log
gate-light-check	Verify Error Digest Evidence	2026-02-22T00:57:11.2403400Z -rw-r--r-- 1 runner runner  4993 Feb 22 00:57 gate_light_preview_260221_005i.log
gate-light-check	Verify Error Digest Evidence	2026-02-22T00:57:11.2404123Z -rw-r--r-- 1 runner runner  4993 Feb 22 00:57 gate_light_preview_260221_005j.log
gate-light-check	Verify Error Digest Evidence	2026-02-22T00:57:11.2404672Z -rw-r--r-- 1 runner runner  4993 Feb 22 00:57 gate_light_preview_260221_005k.log
gate-light-check	Verify Error Digest Evidence	2026-02-22T00:57:11.2405201Z -rw-r--r-- 1 runner runner  4993 Feb 22 00:57 gate_light_preview_260221_005l.log
gate-light-check	Verify Error Digest Evidence	2026-02-22T00:57:11.2405753Z -rw-r--r-- 1 runner runner  4918 Feb 22 00:57 gate_light_preview_260221_005l.txt
gate-light-check	Verify Error Digest Evidence	2026-02-22T00:57:11.2406285Z -rw-r--r-- 1 runner runner  4993 Feb 22 00:57 gate_light_preview_260221_005m.log
gate-light-check	Verify Error Digest Evidence	2026-02-22T00:57:11.2406808Z -rw-r--r-- 1 runner runner  4918 Feb 22 00:57 gate_light_preview_260221_005m.txt
gate-light-check	Verify Error Digest Evidence	2026-02-22T00:57:11.2407348Z -rw-r--r-- 1 runner runner  4993 Feb 22 00:57 gate_light_preview_260221_005n.log
gate-light-check	Verify Error Digest Evidence	2026-02-22T00:57:11.2407887Z -rw-r--r-- 1 runner runner  4918 Feb 22 00:57 gate_light_preview_260221_005n.txt
gate-light-check	Verify Error Digest Evidence	2026-02-22T00:57:11.2408416Z -rw-r--r-- 1 runner runner  4993 Feb 22 00:57 gate_light_preview_260221_005o.log
gate-light-check	Verify Error Digest Evidence	2026-02-22T00:57:11.2408951Z -rw-r--r-- 1 runner runner  3281 Feb 22 00:57 gate_light_preview_260221_005o.txt
gate-light-check	Verify Error Digest Evidence	2026-02-22T00:57:11.2409483Z -rw-r--r-- 1 runner runner  5350 Feb 22 00:57 gate_light_preview_260221_005r.log
gate-light-check	Verify Error Digest Evidence	2026-02-22T00:57:11.2410010Z -rw-r--r-- 1 runner runner  3739 Feb 22 00:57 gate_light_preview_260221_005r.txt
gate-light-check	Verify Error Digest Evidence	2026-02-22T00:57:11.2410543Z -rw-r--r-- 1 runner runner  3735 Feb 22 00:57 generate_evidence_260216_002.mjs
gate-light-check	Verify Error Digest Evidence	2026-02-22T00:57:11.2411078Z -rw-r--r-- 1 runner runner  3766 Feb 22 00:57 generate_evidence_260216_003.js
gate-light-check	Verify Error Digest Evidence	2026-02-22T00:57:11.2411601Z -rw-r--r-- 1 runner runner  4356 Feb 22 00:57 generate_evidence_260216_004.js
gate-light-check	Verify Error Digest Evidence	2026-02-22T00:57:11.2412256Z -rw-r--r-- 1 runner runner  4776 Feb 22 00:57 generate_evidence_260216_008.js
gate-light-check	Verify Error Digest Evidence	2026-02-22T00:57:11.2412990Z -rw-r--r-- 1 runner runner  4295 Feb 22 00:57 generate_evidence_260216_009_WorkflowReleaseGate_FailBudget_NonInteractive.js
gate-light-check	Verify Error Digest Evidence	2026-02-22T00:57:11.2413663Z -rw-r--r-- 1 runner runner  2494 Feb 22 00:57 generate_evidence_260216_010.js
gate-light-check	Verify Error Digest Evidence	2026-02-22T00:57:11.2414411Z -rw-r--r-- 1 runner runner  2184 Feb 22 00:57 generate_evidence_260218_011.js
gate-light-check	Verify Error Digest Evidence	2026-02-22T00:57:11.2414933Z -rw-r--r-- 1 runner runner  3973 Feb 22 00:57 generate_evidence_260218_014.js
gate-light-check	Verify Error Digest Evidence	2026-02-22T00:57:11.2415458Z -rw-r--r-- 1 runner runner  2541 Feb 22 00:57 generate_evidence_260218_018.mjs
gate-light-check	Verify Error Digest Evidence	2026-02-22T00:57:11.2415987Z -rw-r--r-- 1 runner runner   973 Feb 22 00:57 generate_evidence_260218_022.mjs
gate-light-check	Verify Error Digest Evidence	2026-02-22T00:57:11.2416504Z -rw-r--r-- 1 runner runner  6366 Feb 22 00:57 generate_evidence_260219_001.mjs
gate-light-check	Verify Error Digest Evidence	2026-02-22T00:57:11.2417025Z -rw-r--r-- 1 runner runner  2530 Feb 22 00:57 generate_evidence_260219_004.mjs
gate-light-check	Verify Error Digest Evidence	2026-02-22T00:57:11.2417549Z -rw-r--r-- 1 runner runner  2530 Feb 22 00:57 generate_evidence_260219_005.mjs
gate-light-check	Verify Error Digest Evidence	2026-02-22T00:57:11.2418201Z -rw-r--r-- 1 runner runner  2530 Feb 22 00:57 generate_evidence_260219_006.mjs
gate-light-check	Verify Error Digest Evidence	2026-02-22T00:57:11.2418724Z -rw-r--r-- 1 runner runner  2530 Feb 22 00:57 generate_evidence_260220_001.mjs
gate-light-check	Verify Error Digest Evidence	2026-02-22T00:57:11.2419250Z -rw-r--r-- 1 runner runner  2558 Feb 22 00:57 generate_evidence_260221_001d.mjs
gate-light-check	Verify Error Digest Evidence	2026-02-22T00:57:11.2419773Z -rw-r--r-- 1 runner runner  2558 Feb 22 00:57 generate_evidence_260221_001e.mjs
gate-light-check	Verify Error Digest Evidence	2026-02-22T00:57:11.2420301Z -rw-r--r-- 1 runner runner  2558 Feb 22 00:57 generate_evidence_260221_001f.mjs
gate-light-check	Verify Error Digest Evidence	2026-02-22T00:57:11.2420822Z -rw-r--r-- 1 runner runner  2569 Feb 22 00:57 generate_evidence_260221_004.mjs
gate-light-check	Verify Error Digest Evidence	2026-02-22T00:57:11.2421337Z -rw-r--r-- 1 runner runner  2570 Feb 22 00:57 generate_evidence_260221_004a.mjs
gate-light-check	Verify Error Digest Evidence	2026-02-22T00:57:11.2421860Z -rw-r--r-- 1 runner runner  2549 Feb 22 00:57 generate_evidence_260221_004c.mjs
gate-light-check	Verify Error Digest Evidence	2026-02-22T00:57:11.2422386Z -rw-r--r-- 1 runner runner  2549 Feb 22 00:57 generate_evidence_260221_004f.mjs
gate-light-check	Verify Error Digest Evidence	2026-02-22T00:57:11.2422911Z -rw-r--r-- 1 runner runner  2818 Feb 22 00:57 generate_evidence_260221_005h.mjs
gate-light-check	Verify Error Digest Evidence	2026-02-22T00:57:11.2423434Z -rw-r--r-- 1 runner runner  2818 Feb 22 00:57 generate_evidence_260221_005i.mjs
gate-light-check	Verify Error Digest Evidence	2026-02-22T00:57:11.2424133Z -rw-r--r-- 1 runner runner  2818 Feb 22 00:57 generate_evidence_260221_005j.mjs
gate-light-check	Verify Error Digest Evidence	2026-02-22T00:57:11.2424662Z -rw-r--r-- 1 runner runner  2818 Feb 22 00:57 generate_evidence_260221_005k.mjs
gate-light-check	Verify Error Digest Evidence	2026-02-22T00:57:11.2425185Z -rw-r--r-- 1 runner runner  2818 Feb 22 00:57 generate_evidence_260221_005l.mjs
gate-light-check	Verify Error Digest Evidence	2026-02-22T00:57:11.2425702Z -rw-r--r-- 1 runner runner  2818 Feb 22 00:57 generate_evidence_260221_005m.mjs
gate-light-check	Verify Error Digest Evidence	2026-02-22T00:57:11.2426225Z -rw-r--r-- 1 runner runner  2818 Feb 22 00:57 generate_evidence_260221_005n.mjs
gate-light-check	Verify Error Digest Evidence	2026-02-22T00:57:11.2426785Z -rw-r--r-- 1 runner runner  2818 Feb 22 00:57 generate_evidence_260221_005o.mjs
gate-light-check	Verify Error Digest Evidence	2026-02-22T00:57:11.2427303Z -rw-r--r-- 1 runner runner  2818 Feb 22 00:57 generate_evidence_260221_005r.mjs
gate-light-check	Verify Error Digest Evidence	2026-02-22T00:57:11.2427804Z -rw-r--r-- 1 runner runner   126 Feb 22 00:57 git_meta_260219_001.json
gate-light-check	Verify Error Digest Evidence	2026-02-22T00:57:11.2428313Z -rw-r--r-- 1 runner runner   310 Feb 22 00:57 git_meta_260219_004.json
gate-light-check	Verify Error Digest Evidence	2026-02-22T00:57:11.2428780Z -rw-r--r-- 1 runner runner   298 Feb 22 00:57 git_meta_260221_004a.json
gate-light-check	Verify Error Digest Evidence	2026-02-22T00:57:11.2429250Z -rw-r--r-- 1 runner runner   299 Feb 22 00:57 git_meta_260221_004f.json
gate-light-check	Verify Error Digest Evidence	2026-02-22T00:57:11.2429717Z -rw-r--r-- 1 runner runner   183 Feb 22 00:57 git_meta_260221_005h.json
gate-light-check	Verify Error Digest Evidence	2026-02-22T00:57:11.2430173Z -rw-r--r-- 1 runner runner   183 Feb 22 00:57 git_meta_260221_005i.json
gate-light-check	Verify Error Digest Evidence	2026-02-22T00:57:11.2430635Z -rw-r--r-- 1 runner runner   183 Feb 22 00:57 git_meta_260221_005j.json
gate-light-check	Verify Error Digest Evidence	2026-02-22T00:57:11.2431097Z -rw-r--r-- 1 runner runner   183 Feb 22 00:57 git_meta_260221_005k.json
gate-light-check	Verify Error Digest Evidence	2026-02-22T00:57:11.2431550Z -rw-r--r-- 1 runner runner   183 Feb 22 00:57 git_meta_260221_005l.json
gate-light-check	Verify Error Digest Evidence	2026-02-22T00:57:11.2432011Z -rw-r--r-- 1 runner runner   183 Feb 22 00:57 git_meta_260221_005m.json
gate-light-check	Verify Error Digest Evidence	2026-02-22T00:57:11.2432615Z -rw-r--r-- 1 runner runner   183 Feb 22 00:57 git_meta_260221_005n.json
gate-light-check	Verify Error Digest Evidence	2026-02-22T00:57:11.2433097Z -rw-r--r-- 1 runner runner   183 Feb 22 00:57 git_meta_260221_005o.json
gate-light-check	Verify Error Digest Evidence	2026-02-22T00:57:11.2433578Z -rw-r--r-- 1 runner runner   183 Feb 22 00:57 git_meta_260221_005r.json
gate-light-check	Verify Error Digest Evidence	2026-02-22T00:57:11.2434284Z -rw-r--r-- 1 runner runner    99 Feb 22 00:57 manual_verification_260219_001.json
gate-light-check	Verify Error Digest Evidence	2026-02-22T00:57:11.2434848Z -rw-r--r-- 1 runner runner    99 Feb 22 00:57 manual_verification_260219_004.json
gate-light-check	Verify Error Digest Evidence	2026-02-22T00:57:11.2435420Z -rw-r--r-- 1 runner runner    99 Feb 22 00:57 manual_verification_260221_004a.json
gate-light-check	Verify Error Digest Evidence	2026-02-22T00:57:11.2435970Z -rw-r--r-- 1 runner runner    99 Feb 22 00:57 manual_verification_260221_004f.json
gate-light-check	Verify Error Digest Evidence	2026-02-22T00:57:11.2436518Z -rw-r--r-- 1 runner runner    99 Feb 22 00:57 manual_verification_260221_005h.json
gate-light-check	Verify Error Digest Evidence	2026-02-22T00:57:11.2437064Z -rw-r--r-- 1 runner runner    99 Feb 22 00:57 manual_verification_260221_005i.json
gate-light-check	Verify Error Digest Evidence	2026-02-22T00:57:11.2437599Z -rw-r--r-- 1 runner runner    99 Feb 22 00:57 manual_verification_260221_005j.json
gate-light-check	Verify Error Digest Evidence	2026-02-22T00:57:11.2438290Z -rw-r--r-- 1 runner runner    99 Feb 22 00:57 manual_verification_260221_005k.json
gate-light-check	Verify Error Digest Evidence	2026-02-22T00:57:11.2438834Z -rw-r--r-- 1 runner runner    99 Feb 22 00:57 manual_verification_260221_005l.json
gate-light-check	Verify Error Digest Evidence	2026-02-22T00:57:11.2439370Z -rw-r--r-- 1 runner runner    99 Feb 22 00:57 manual_verification_260221_005m.json
gate-light-check	Verify Error Digest Evidence	2026-02-22T00:57:11.2439911Z -rw-r--r-- 1 runner runner    99 Feb 22 00:57 manual_verification_260221_005n.json
gate-light-check	Verify Error Digest Evidence	2026-02-22T00:57:11.2440450Z -rw-r--r-- 1 runner runner    99 Feb 22 00:57 manual_verification_260221_005o.json
gate-light-check	Verify Error Digest Evidence	2026-02-22T00:57:11.2440980Z -rw-r--r-- 1 runner runner    99 Feb 22 00:57 manual_verification_260221_005r.json
gate-light-check	Verify Error Digest Evidence	2026-02-22T00:57:11.2441476Z -rw-r--r-- 1 runner runner  1732 Feb 22 00:57 notify_260219_001.txt
gate-light-check	Verify Error Digest Evidence	2026-02-22T00:57:11.2441924Z -rw-r--r-- 1 runner runner  9661 Feb 22 00:57 notify_260219_004.txt
gate-light-check	Verify Error Digest Evidence	2026-02-22T00:57:11.2442381Z -rw-r--r-- 1 runner runner  9251 Feb 22 00:57 notify_260221_004a.txt
gate-light-check	Verify Error Digest Evidence	2026-02-22T00:57:11.2442844Z -rw-r--r-- 1 runner runner  9245 Feb 22 00:57 notify_260221_004f.txt
gate-light-check	Verify Error Digest Evidence	2026-02-22T00:57:11.2443296Z -rw-r--r-- 1 runner runner  9679 Feb 22 00:57 notify_260221_005h.txt
gate-light-check	Verify Error Digest Evidence	2026-02-22T00:57:11.2443750Z -rw-r--r-- 1 runner runner  9702 Feb 22 00:57 notify_260221_005i.txt
gate-light-check	Verify Error Digest Evidence	2026-02-22T00:57:11.2444396Z -rw-r--r-- 1 runner runner  9702 Feb 22 00:57 notify_260221_005j.txt
gate-light-check	Verify Error Digest Evidence	2026-02-22T00:57:11.2444851Z -rw-r--r-- 1 runner runner  9702 Feb 22 00:57 notify_260221_005k.txt
gate-light-check	Verify Error Digest Evidence	2026-02-22T00:57:11.2445310Z -rw-r--r-- 1 runner runner  9703 Feb 22 00:57 notify_260221_005l.txt
gate-light-check	Verify Error Digest Evidence	2026-02-22T00:57:11.2445765Z -rw-r--r-- 1 runner runner  9703 Feb 22 00:57 notify_260221_005m.txt
gate-light-check	Verify Error Digest Evidence	2026-02-22T00:57:11.2446212Z -rw-r--r-- 1 runner runner  9703 Feb 22 00:57 notify_260221_005n.txt
gate-light-check	Verify Error Digest Evidence	2026-02-22T00:57:11.2446660Z -rw-r--r-- 1 runner runner  9703 Feb 22 00:57 notify_260221_005o.txt
gate-light-check	Verify Error Digest Evidence	2026-02-22T00:57:11.2447114Z -rw-r--r-- 1 runner runner 10214 Feb 22 00:57 notify_260221_005r.txt
gate-light-check	Verify Error Digest Evidence	2026-02-22T00:57:11.2447602Z -rw-r--r-- 1 runner runner   237 Feb 22 00:57 open_pr_guard_260219_001.json
gate-light-check	Verify Error Digest Evidence	2026-02-22T00:57:11.2448125Z -rw-r--r-- 1 runner runner   237 Feb 22 00:57 open_pr_guard_260219_004.json
gate-light-check	Verify Error Digest Evidence	2026-02-22T00:57:11.2448630Z -rw-r--r-- 1 runner runner   237 Feb 22 00:57 open_pr_guard_260221_004a.json
gate-light-check	Verify Error Digest Evidence	2026-02-22T00:57:11.2449150Z -rw-r--r-- 1 runner runner   543 Feb 22 00:57 open_pr_guard_260221_004f.json
gate-light-check	Verify Error Digest Evidence	2026-02-22T00:57:11.2449671Z -rw-r--r-- 1 runner runner  1161 Feb 22 00:57 open_pr_guard_260221_005h.json
gate-light-check	Verify Error Digest Evidence	2026-02-22T00:57:11.2450181Z -rw-r--r-- 1 runner runner  1405 Feb 22 00:57 open_pr_guard_260221_005i.json
gate-light-check	Verify Error Digest Evidence	2026-02-22T00:57:11.2450691Z -rw-r--r-- 1 runner runner  1405 Feb 22 00:57 open_pr_guard_260221_005j.json
gate-light-check	Verify Error Digest Evidence	2026-02-22T00:57:11.2451198Z -rw-r--r-- 1 runner runner  1405 Feb 22 00:57 open_pr_guard_260221_005k.json
gate-light-check	Verify Error Digest Evidence	2026-02-22T00:57:11.2451700Z -rw-r--r-- 1 runner runner  1645 Feb 22 00:57 open_pr_guard_260221_005l.json
gate-light-check	Verify Error Digest Evidence	2026-02-22T00:57:11.2452209Z -rw-r--r-- 1 runner runner  1664 Feb 22 00:57 open_pr_guard_260221_005m.json
gate-light-check	Verify Error Digest Evidence	2026-02-22T00:57:11.2452848Z -rw-r--r-- 1 runner runner  1904 Feb 22 00:57 open_pr_guard_260221_005n.json
gate-light-check	Verify Error Digest Evidence	2026-02-22T00:57:11.2453356Z -rw-r--r-- 1 runner runner  2144 Feb 22 00:57 open_pr_guard_260221_005o.json
gate-light-check	Verify Error Digest Evidence	2026-02-22T00:57:11.2454076Z -rw-r--r-- 1 runner runner   237 Feb 22 00:57 open_pr_guard_260221_005r.json
gate-light-check	Verify Error Digest Evidence	2026-02-22T00:57:11.2454652Z -rw-r--r-- 1 runner runner   159 Feb 22 00:57 preflight_attestation_260219_001.json
gate-light-check	Verify Error Digest Evidence	2026-02-22T00:57:11.2455225Z -rw-r--r-- 1 runner runner   314 Feb 22 00:57 preflight_attestation_260219_004.json
gate-light-check	Verify Error Digest Evidence	2026-02-22T00:57:11.2455788Z -rw-r--r-- 1 runner runner   325 Feb 22 00:57 preflight_attestation_260221_004a.json
gate-light-check	Verify Error Digest Evidence	2026-02-22T00:57:11.2456350Z -rw-r--r-- 1 runner runner   327 Feb 22 00:57 preflight_attestation_260221_004f.json
gate-light-check	Verify Error Digest Evidence	2026-02-22T00:57:11.2456913Z -rw-r--r-- 1 runner runner   323 Feb 22 00:57 preflight_attestation_260221_005h.json
gate-light-check	Verify Error Digest Evidence	2026-02-22T00:57:11.2457474Z -rw-r--r-- 1 runner runner   323 Feb 22 00:57 preflight_attestation_260221_005i.json
gate-light-check	Verify Error Digest Evidence	2026-02-22T00:57:11.2458025Z -rw-r--r-- 1 runner runner   323 Feb 22 00:57 preflight_attestation_260221_005j.json
gate-light-check	Verify Error Digest Evidence	2026-02-22T00:57:11.2458719Z -rw-r--r-- 1 runner runner   323 Feb 22 00:57 preflight_attestation_260221_005k.json
gate-light-check	Verify Error Digest Evidence	2026-02-22T00:57:11.2459278Z -rw-r--r-- 1 runner runner   323 Feb 22 00:57 preflight_attestation_260221_005l.json
gate-light-check	Verify Error Digest Evidence	2026-02-22T00:57:11.2459834Z -rw-r--r-- 1 runner runner   322 Feb 22 00:57 preflight_attestation_260221_005m.json
gate-light-check	Verify Error Digest Evidence	2026-02-22T00:57:11.2460394Z -rw-r--r-- 1 runner runner   323 Feb 22 00:57 preflight_attestation_260221_005n.json
gate-light-check	Verify Error Digest Evidence	2026-02-22T00:57:11.2460951Z -rw-r--r-- 1 runner runner   323 Feb 22 00:57 preflight_attestation_260221_005o.json
gate-light-check	Verify Error Digest Evidence	2026-02-22T00:57:11.2461500Z -rw-r--r-- 1 runner runner   322 Feb 22 00:57 preflight_attestation_260221_005r.json
gate-light-check	Verify Error Digest Evidence	2026-02-22T00:57:11.2462003Z -rw-r--r-- 1 runner runner   461 Feb 22 00:57 result_260219_001.json
gate-light-check	Verify Error Digest Evidence	2026-02-22T00:57:11.2462460Z -rw-r--r-- 1 runner runner   768 Feb 22 00:57 result_260219_004.json
gate-light-check	Verify Error Digest Evidence	2026-02-22T00:57:11.2462915Z -rw-r--r-- 1 runner runner   759 Feb 22 00:57 result_260221_004a.json
gate-light-check	Verify Error Digest Evidence	2026-02-22T00:57:11.2463401Z -rw-r--r-- 1 runner runner   760 Feb 22 00:57 result_260221_004f.json
gate-light-check	Verify Error Digest Evidence	2026-02-22T00:57:11.2464026Z -rw-r--r-- 1 runner runner   481 Feb 22 00:57 result_260221_005h.json
gate-light-check	Verify Error Digest Evidence	2026-02-22T00:57:11.2464539Z -rw-r--r-- 1 runner runner   481 Feb 22 00:57 result_260221_005i.json
gate-light-check	Verify Error Digest Evidence	2026-02-22T00:57:11.2465028Z -rw-r--r-- 1 runner runner   481 Feb 22 00:57 result_260221_005j.json
gate-light-check	Verify Error Digest Evidence	2026-02-22T00:57:11.2465503Z -rw-r--r-- 1 runner runner   481 Feb 22 00:57 result_260221_005k.json
gate-light-check	Verify Error Digest Evidence	2026-02-22T00:57:11.2465964Z -rw-r--r-- 1 runner runner   481 Feb 22 00:57 result_260221_005l.json
gate-light-check	Verify Error Digest Evidence	2026-02-22T00:57:11.2466426Z -rw-r--r-- 1 runner runner   481 Feb 22 00:57 result_260221_005m.json
gate-light-check	Verify Error Digest Evidence	2026-02-22T00:57:11.2466878Z -rw-r--r-- 1 runner runner   481 Feb 22 00:57 result_260221_005n.json
gate-light-check	Verify Error Digest Evidence	2026-02-22T00:57:11.2467333Z -rw-r--r-- 1 runner runner   481 Feb 22 00:57 result_260221_005o.json
gate-light-check	Verify Error Digest Evidence	2026-02-22T00:57:11.2467784Z -rw-r--r-- 1 runner runner   481 Feb 22 00:57 result_260221_005r.json
gate-light-check	Verify Error Digest Evidence	2026-02-22T00:57:11.2468228Z -rw-r--r-- 1 runner runner     7 Feb 22 00:57 run_260219_001.log
gate-light-check	Verify Error Digest Evidence	2026-02-22T00:57:11.2468666Z -rw-r--r-- 1 runner runner 10330 Feb 22 00:57 run_260219_004.log
gate-light-check	Verify Error Digest Evidence	2026-02-22T00:57:11.2469097Z -rw-r--r-- 1 runner runner 11937 Feb 22 00:57 run_260221_004a.log
gate-light-check	Verify Error Digest Evidence	2026-02-22T00:57:11.2469535Z -rw-r--r-- 1 runner runner 12035 Feb 22 00:57 run_260221_004f.log
gate-light-check	Verify Error Digest Evidence	2026-02-22T00:57:11.2469965Z -rw-r--r-- 1 runner runner 12680 Feb 22 00:57 run_260221_005h.log
gate-light-check	Verify Error Digest Evidence	2026-02-22T00:57:11.2470394Z -rw-r--r-- 1 runner runner 12680 Feb 22 00:57 run_260221_005i.log
gate-light-check	Verify Error Digest Evidence	2026-02-22T00:57:11.2470817Z -rw-r--r-- 1 runner runner 12910 Feb 22 00:57 run_260221_005j.log
gate-light-check	Verify Error Digest Evidence	2026-02-22T00:57:11.2471246Z -rw-r--r-- 1 runner runner 12680 Feb 22 00:57 run_260221_005k.log
gate-light-check	Verify Error Digest Evidence	2026-02-22T00:57:11.2471667Z -rw-r--r-- 1 runner runner 13065 Feb 22 00:57 run_260221_005l.log
gate-light-check	Verify Error Digest Evidence	2026-02-22T00:57:11.2472093Z -rw-r--r-- 1 runner runner 13065 Feb 22 00:57 run_260221_005m.log
gate-light-check	Verify Error Digest Evidence	2026-02-22T00:57:11.2472526Z -rw-r--r-- 1 runner runner 13065 Feb 22 00:57 run_260221_005n.log
gate-light-check	Verify Error Digest Evidence	2026-02-22T00:57:11.2473097Z -rw-r--r-- 1 runner runner 13065 Feb 22 00:57 run_260221_005o.log
gate-light-check	Verify Error Digest Evidence	2026-02-22T00:57:11.2473545Z -rw-r--r-- 1 runner runner 13580 Feb 22 00:57 run_260221_005r.log
gate-light-check	Verify Error Digest Evidence	2026-02-22T00:57:11.2474240Z -rw-r--r-- 1 runner runner  1943 Feb 22 00:57 task_report_260218_011.md
gate-light-check	Verify Error Digest Evidence	2026-02-22T00:57:11.2474734Z -rw-r--r-- 1 runner runner  1226 Feb 22 00:57 task_report_260218_013.md
gate-light-check	Verify Error Digest Evidence	2026-02-22T00:57:11.2475212Z -rw-r--r-- 1 runner runner  2254 Feb 22 00:57 task_report_260218_014.md
gate-light-check	Verify Error Digest Evidence	2026-02-22T00:57:11.2475728Z -rw-r--r-- 1 runner runner  1768 Feb 22 00:57 trae_report_snippet_260219_001.txt
gate-light-check	Verify Error Digest Evidence	2026-02-22T00:57:11.2476269Z -rw-r--r-- 1 runner runner  9679 Feb 22 00:57 trae_report_snippet_260219_004.txt
gate-light-check	Verify Error Digest Evidence	2026-02-22T00:57:11.2476815Z -rw-r--r-- 1 runner runner  9269 Feb 22 00:57 trae_report_snippet_260221_004a.txt
gate-light-check	Verify Error Digest Evidence	2026-02-22T00:57:11.2477354Z -rw-r--r-- 1 runner runner  9263 Feb 22 00:57 trae_report_snippet_260221_004f.txt
gate-light-check	Verify Error Digest Evidence	2026-02-22T00:57:11.2477904Z -rw-r--r-- 1 runner runner  9697 Feb 22 00:57 trae_report_snippet_260221_005h.txt
gate-light-check	Verify Error Digest Evidence	2026-02-22T00:57:11.2478637Z -rw-r--r-- 1 runner runner  9720 Feb 22 00:57 trae_report_snippet_260221_005i.txt
gate-light-check	Verify Error Digest Evidence	2026-02-22T00:57:11.2479177Z -rw-r--r-- 1 runner runner  9720 Feb 22 00:57 trae_report_snippet_260221_005j.txt
gate-light-check	Verify Error Digest Evidence	2026-02-22T00:57:11.2479717Z -rw-r--r-- 1 runner runner  9720 Feb 22 00:57 trae_report_snippet_260221_005k.txt
gate-light-check	Verify Error Digest Evidence	2026-02-22T00:57:11.2480261Z -rw-r--r-- 1 runner runner 12085 Feb 22 00:57 trae_report_snippet_260221_005l.txt
gate-light-check	Verify Error Digest Evidence	2026-02-22T00:57:11.2480806Z -rw-r--r-- 1 runner runner 13577 Feb 22 00:57 trae_report_snippet_260221_005m.txt
gate-light-check	Verify Error Digest Evidence	2026-02-22T00:57:11.2481352Z -rw-r--r-- 1 runner runner 15098 Feb 22 00:57 trae_report_snippet_260221_005n.txt
gate-light-check	Verify Error Digest Evidence	2026-02-22T00:57:11.2481901Z -rw-r--r-- 1 runner runner 14994 Feb 22 00:57 trae_report_snippet_260221_005o.txt
gate-light-check	Verify Error Digest Evidence	2026-02-22T00:57:11.2482439Z -rw-r--r-- 1 runner runner 18372 Feb 22 00:57 trae_report_snippet_260221_005r.txt
gate-light-check	Verify Error Digest Evidence	2026-02-22T00:57:11.2482978Z -rw-r--r-- 1 runner runner   917 Feb 22 00:57 workspace_healer_260219_001.json
gate-light-check	Verify Error Digest Evidence	2026-02-22T00:57:11.2483510Z -rw-r--r-- 1 runner runner   917 Feb 22 00:57 workspace_healer_260219_004.json
gate-light-check	Verify Error Digest Evidence	2026-02-22T00:57:11.2484277Z -rw-r--r-- 1 runner runner   975 Feb 22 00:57 workspace_healer_260221_004a.json
gate-light-check	Verify Error Digest Evidence	2026-02-22T00:57:11.2484814Z -rw-r--r-- 1 runner runner   922 Feb 22 00:57 workspace_healer_260221_004f.json
gate-light-check	Verify Error Digest Evidence	2026-02-22T00:57:11.2485342Z -rw-r--r-- 1 runner runner   918 Feb 22 00:57 workspace_healer_260221_005h.json
gate-light-check	Verify Error Digest Evidence	2026-02-22T00:57:11.2485859Z -rw-r--r-- 1 runner runner   918 Feb 22 00:57 workspace_healer_260221_005i.json
gate-light-check	Verify Error Digest Evidence	2026-02-22T00:57:11.2486385Z -rw-r--r-- 1 runner runner   918 Feb 22 00:57 workspace_healer_260221_005j.json
gate-light-check	Verify Error Digest Evidence	2026-02-22T00:57:11.2486909Z -rw-r--r-- 1 runner runner   918 Feb 22 00:57 workspace_healer_260221_005k.json
gate-light-check	Verify Error Digest Evidence	2026-02-22T00:57:11.2487427Z -rw-r--r-- 1 runner runner   918 Feb 22 00:57 workspace_healer_260221_005l.json
gate-light-check	Verify Error Digest Evidence	2026-02-22T00:57:11.2487963Z -rw-r--r-- 1 runner runner   918 Feb 22 00:57 workspace_healer_260221_005m.json
gate-light-check	Verify Error Digest Evidence	2026-02-22T00:57:11.2488481Z -rw-r--r-- 1 runner runner   918 Feb 22 00:57 workspace_healer_260221_005n.json
gate-light-check	Verify Error Digest Evidence	2026-02-22T00:57:11.2489017Z -rw-r--r-- 1 runner runner   918 Feb 22 00:57 workspace_healer_260221_005o.json
gate-light-check	Verify Error Digest Evidence	2026-02-22T00:57:11.2489541Z -rw-r--r-- 1 runner runner   519 Feb 22 00:57 workspace_healer_260221_005r.json
gate-light-check	Generate Healthcheck Evidence	﻿2026-02-22T00:57:11.2513643Z ##[group]Run TASK_REF="${GITHUB_HEAD_REF:-${GITHUB_REF_NAME}}"
gate-light-check	Generate Healthcheck Evidence	2026-02-22T00:57:11.2514318Z [36;1mTASK_REF="${GITHUB_HEAD_REF:-${GITHUB_REF_NAME}}"[0m
gate-light-check	Generate Healthcheck Evidence	2026-02-22T00:57:11.2514783Z [36;1mTASK_ID=$(echo "$TASK_REF" | grep -oE '[0-9]{6}_[0-9]{3}[A-Za-z]?' | head -n 1 || true)[0m
gate-light-check	Generate Healthcheck Evidence	2026-02-22T00:57:11.2515189Z [36;1mYEAR="20${TASK_ID:0:2}"[0m
gate-light-check	Generate Healthcheck Evidence	2026-02-22T00:57:11.2515422Z [36;1mMONTH="${TASK_ID:2:2}"[0m
gate-light-check	Generate Healthcheck Evidence	2026-02-22T00:57:11.2515701Z [36;1mEVIDENCE_DIR="rules/task-reports/${YEAR}-${MONTH}"[0m
gate-light-check	Generate Healthcheck Evidence	2026-02-22T00:57:11.2516008Z [36;1mecho "TASK_ID=${TASK_ID}"[0m
gate-light-check	Generate Healthcheck Evidence	2026-02-22T00:57:11.2516264Z [36;1mecho "EVIDENCE_DIR=${EVIDENCE_DIR}"[0m
gate-light-check	Generate Healthcheck Evidence	2026-02-22T00:57:11.2516607Z [36;1mROOT_FILE="${EVIDENCE_DIR}/${TASK_ID}_healthcheck_53122_root.txt"[0m
gate-light-check	Generate Healthcheck Evidence	2026-02-22T00:57:11.2517198Z [36;1mPAIRS_FILE="${EVIDENCE_DIR}/${TASK_ID}_healthcheck_53122_pairs.txt"[0m
gate-light-check	Generate Healthcheck Evidence	2026-02-22T00:57:11.2517639Z [36;1mnode scripts/mock_server.mjs > /tmp/mock_server_53122.log 2>&1 &[0m
gate-light-check	Generate Healthcheck Evidence	2026-02-22T00:57:11.2518000Z [36;1mecho $! > /tmp/mock_server_53122.pid[0m
gate-light-check	Generate Healthcheck Evidence	2026-02-22T00:57:11.2518488Z [36;1mtrap 'if [ -f /tmp/mock_server_53122.pid ]; then kill "$(cat /tmp/mock_server_53122.pid)" || true; fi' EXIT[0m
gate-light-check	Generate Healthcheck Evidence	2026-02-22T00:57:11.2518937Z [36;1mREADY=0[0m
gate-light-check	Generate Healthcheck Evidence	2026-02-22T00:57:11.2519116Z [36;1mfor i in {1..30}; do[0m
gate-light-check	Generate Healthcheck Evidence	2026-02-22T00:57:11.2519433Z [36;1m  if curl -sf http://localhost:53122/ > /dev/null; then[0m
gate-light-check	Generate Healthcheck Evidence	2026-02-22T00:57:11.2519757Z [36;1m    READY=1[0m
gate-light-check	Generate Healthcheck Evidence	2026-02-22T00:57:11.2519934Z [36;1m    break[0m
gate-light-check	Generate Healthcheck Evidence	2026-02-22T00:57:11.2520108Z [36;1m  fi[0m
gate-light-check	Generate Healthcheck Evidence	2026-02-22T00:57:11.2520270Z [36;1m  sleep 1[0m
gate-light-check	Generate Healthcheck Evidence	2026-02-22T00:57:11.2520444Z [36;1mdone[0m
gate-light-check	Generate Healthcheck Evidence	2026-02-22T00:57:11.2520618Z [36;1mif [ "$READY" -ne 1 ]; then[0m
gate-light-check	Generate Healthcheck Evidence	2026-02-22T00:57:11.2520923Z [36;1m  echo "Healthcheck server not ready after timeout."[0m
gate-light-check	Generate Healthcheck Evidence	2026-02-22T00:57:11.2521271Z [36;1m  tail -n 200 /tmp/mock_server_53122.log || true[0m
gate-light-check	Generate Healthcheck Evidence	2026-02-22T00:57:11.2521584Z [36;1m  if command -v lsof >/dev/null 2>&1; then[0m
gate-light-check	Generate Healthcheck Evidence	2026-02-22T00:57:11.2521855Z [36;1m    lsof -i :53122 || true[0m
gate-light-check	Generate Healthcheck Evidence	2026-02-22T00:57:11.2522071Z [36;1m  fi[0m
gate-light-check	Generate Healthcheck Evidence	2026-02-22T00:57:11.2522378Z [36;1m  ps -ef | grep -E "mock_server|node scripts/mock_server" | grep -v grep || true[0m
gate-light-check	Generate Healthcheck Evidence	2026-02-22T00:57:11.2522754Z [36;1m  exit 1[0m
gate-light-check	Generate Healthcheck Evidence	2026-02-22T00:57:11.2522929Z [36;1mfi[0m
gate-light-check	Generate Healthcheck Evidence	2026-02-22T00:57:11.2523337Z [36;1mcurl --retry 5 --retry-delay 1 --retry-connrefused -s -i http://localhost:53122/ --output "$ROOT_FILE"[0m
gate-light-check	Generate Healthcheck Evidence	2026-02-22T00:57:11.2524173Z [36;1mcurl --retry 5 --retry-delay 1 --retry-connrefused -s -i http://localhost:53122/pairs --output "$PAIRS_FILE"[0m
gate-light-check	Generate Healthcheck Evidence	2026-02-22T00:57:11.2555026Z shell: /usr/bin/bash -e {0}
gate-light-check	Generate Healthcheck Evidence	2026-02-22T00:57:11.2555262Z env:
gate-light-check	Generate Healthcheck Evidence	2026-02-22T00:57:11.2555508Z   WORKSPACE_HEALER_TMP: /tmp/workspace_healer_260221_005r.json
gate-light-check	Generate Healthcheck Evidence	2026-02-22T00:57:11.2555841Z ##[endgroup]
gate-light-check	Generate Healthcheck Evidence	2026-02-22T00:57:11.2627016Z TASK_ID=260221_005r
gate-light-check	Generate Healthcheck Evidence	2026-02-22T00:57:11.2627535Z EVIDENCE_DIR=rules/task-reports/2026-02
gate-light-check	Generate Gate Light Preview Evidence	﻿2026-02-22T00:57:12.2984423Z ##[group]Run TASK_REF="${GITHUB_HEAD_REF:-${GITHUB_REF_NAME}}"
gate-light-check	Generate Gate Light Preview Evidence	2026-02-22T00:57:12.2984909Z [36;1mTASK_REF="${GITHUB_HEAD_REF:-${GITHUB_REF_NAME}}"[0m
gate-light-check	Generate Gate Light Preview Evidence	2026-02-22T00:57:12.2985365Z [36;1mTASK_ID=$(echo "$TASK_REF" | grep -oE '[0-9]{6}_[0-9]{3}[A-Za-z]?' | head -n 1 || true)[0m
gate-light-check	Generate Gate Light Preview Evidence	2026-02-22T00:57:12.2985765Z [36;1mYEAR="20${TASK_ID:0:2}"[0m
gate-light-check	Generate Gate Light Preview Evidence	2026-02-22T00:57:12.2985987Z [36;1mMONTH="${TASK_ID:2:2}"[0m
gate-light-check	Generate Gate Light Preview Evidence	2026-02-22T00:57:12.2986275Z [36;1mEVIDENCE_DIR="rules/task-reports/${YEAR}-${MONTH}"[0m
gate-light-check	Generate Gate Light Preview Evidence	2026-02-22T00:57:12.2986671Z [36;1mPREVIEW_LOG="${EVIDENCE_DIR}/gate_light_preview_${TASK_ID}.log"[0m
gate-light-check	Generate Gate Light Preview Evidence	2026-02-22T00:57:12.2987009Z [36;1mecho "TASK_ID=${TASK_ID}"[0m
gate-light-check	Generate Gate Light Preview Evidence	2026-02-22T00:57:12.2987262Z [36;1mecho "EVIDENCE_DIR=${EVIDENCE_DIR}"[0m
gate-light-check	Generate Gate Light Preview Evidence	2026-02-22T00:57:12.2987774Z [36;1mGENERATE_PREVIEW=1 node scripts/gate_light_ci.mjs --task_id "$TASK_ID" --result_dir "$EVIDENCE_DIR" > "$PREVIEW_LOG"[0m
gate-light-check	Generate Gate Light Preview Evidence	2026-02-22T00:57:12.2988503Z [36;1mnode scripts/extract_gate_light_preview.mjs --task_id="$TASK_ID" --log="$PREVIEW_LOG"[0m
gate-light-check	Generate Gate Light Preview Evidence	2026-02-22T00:57:12.3020372Z shell: /usr/bin/bash -e {0}
gate-light-check	Generate Gate Light Preview Evidence	2026-02-22T00:57:12.3020593Z env:
gate-light-check	Generate Gate Light Preview Evidence	2026-02-22T00:57:12.3020850Z   WORKSPACE_HEALER_TMP: /tmp/workspace_healer_260221_005r.json
gate-light-check	Generate Gate Light Preview Evidence	2026-02-22T00:57:12.3021160Z ##[endgroup]
gate-light-check	Generate Gate Light Preview Evidence	2026-02-22T00:57:12.3093009Z TASK_ID=260221_005r
gate-light-check	Generate Gate Light Preview Evidence	2026-02-22T00:57:12.3093525Z EVIDENCE_DIR=rules/task-reports/2026-02
gate-light-check	Generate Gate Light Preview Evidence	2026-02-22T00:57:12.5592338Z From https://github.com/dongyupeng2108-bot/OppOrder
gate-light-check	Generate Gate Light Preview Evidence	2026-02-22T00:57:12.5592973Z  * branch            main       -> FETCH_HEAD
gate-light-check	Generate Gate Light Preview Evidence	2026-02-22T00:57:12.8206368Z [DB] SQLite3 module not found. Falling back to in-memory Mock DB.
gate-light-check	Generate Gate Light Preview Evidence	2026-02-22T00:57:14.8925162Z [DB] SQLite3 module not found. Falling back to in-memory Mock DB.
gate-light-check	Generate Gate Light Preview Evidence	2026-02-22T00:57:17.7647975Z [Extract Preview] Wrote preview to: rules/task-reports/2026-02/gate_light_preview_260221_005r.txt
gate-light-check	Verify Healthcheck Evidence	﻿2026-02-22T00:57:17.7713007Z ##[group]Run TASK_REF="${GITHUB_HEAD_REF:-${GITHUB_REF_NAME}}"
gate-light-check	Verify Healthcheck Evidence	2026-02-22T00:57:17.7713456Z [36;1mTASK_REF="${GITHUB_HEAD_REF:-${GITHUB_REF_NAME}}"[0m
gate-light-check	Verify Healthcheck Evidence	2026-02-22T00:57:17.7714185Z [36;1mTASK_ID=$(echo "$TASK_REF" | grep -oE '[0-9]{6}_[0-9]{3}[A-Za-z]?' | head -n 1 || true)[0m
gate-light-check	Verify Healthcheck Evidence	2026-02-22T00:57:17.7714613Z [36;1mYEAR="20${TASK_ID:0:2}"[0m
gate-light-check	Verify Healthcheck Evidence	2026-02-22T00:57:17.7714843Z [36;1mMONTH="${TASK_ID:2:2}"[0m
gate-light-check	Verify Healthcheck Evidence	2026-02-22T00:57:17.7715136Z [36;1mEVIDENCE_DIR="rules/task-reports/${YEAR}-${MONTH}"[0m
gate-light-check	Verify Healthcheck Evidence	2026-02-22T00:57:17.7715450Z [36;1mecho "TASK_ID=${TASK_ID}"[0m
gate-light-check	Verify Healthcheck Evidence	2026-02-22T00:57:17.7715706Z [36;1mecho "EVIDENCE_DIR=${EVIDENCE_DIR}"[0m
gate-light-check	Verify Healthcheck Evidence	2026-02-22T00:57:17.7716063Z [36;1mROOT_FILE="${EVIDENCE_DIR}/${TASK_ID}_healthcheck_53122_root.txt"[0m
gate-light-check	Verify Healthcheck Evidence	2026-02-22T00:57:17.7716520Z [36;1mPAIRS_FILE="${EVIDENCE_DIR}/${TASK_ID}_healthcheck_53122_pairs.txt"[0m
gate-light-check	Verify Healthcheck Evidence	2026-02-22T00:57:17.7716870Z [36;1mls -la "$EVIDENCE_DIR"[0m
gate-light-check	Verify Healthcheck Evidence	2026-02-22T00:57:17.7717105Z [36;1mif [ ! -f "$ROOT_FILE" ]; then[0m
gate-light-check	Verify Healthcheck Evidence	2026-02-22T00:57:17.7717414Z [36;1m  echo "Missing healthcheck root evidence: $ROOT_FILE"[0m
gate-light-check	Verify Healthcheck Evidence	2026-02-22T00:57:17.7717737Z [36;1m  exit 1[0m
gate-light-check	Verify Healthcheck Evidence	2026-02-22T00:57:17.7717911Z [36;1mfi[0m
gate-light-check	Verify Healthcheck Evidence	2026-02-22T00:57:17.7718100Z [36;1mif [ ! -f "$PAIRS_FILE" ]; then[0m
gate-light-check	Verify Healthcheck Evidence	2026-02-22T00:57:17.7718450Z [36;1m  echo "Missing healthcheck pairs evidence: $PAIRS_FILE"[0m
gate-light-check	Verify Healthcheck Evidence	2026-02-22T00:57:17.7718760Z [36;1m  exit 1[0m
gate-light-check	Verify Healthcheck Evidence	2026-02-22T00:57:17.7718921Z [36;1mfi[0m
gate-light-check	Verify Healthcheck Evidence	2026-02-22T00:57:17.7751298Z shell: /usr/bin/bash -e {0}
gate-light-check	Verify Healthcheck Evidence	2026-02-22T00:57:17.7751529Z env:
gate-light-check	Verify Healthcheck Evidence	2026-02-22T00:57:17.7751771Z   WORKSPACE_HEALER_TMP: /tmp/workspace_healer_260221_005r.json
gate-light-check	Verify Healthcheck Evidence	2026-02-22T00:57:17.7752088Z ##[endgroup]
gate-light-check	Verify Healthcheck Evidence	2026-02-22T00:57:17.7835133Z TASK_ID=260221_005r
gate-light-check	Verify Healthcheck Evidence	2026-02-22T00:57:17.7835522Z EVIDENCE_DIR=rules/task-reports/2026-02
gate-light-check	Verify Healthcheck Evidence	2026-02-22T00:57:17.7868361Z total 1752
gate-light-check	Verify Healthcheck Evidence	2026-02-22T00:57:17.7868924Z drwxr-xr-x 2 runner runner 20480 Feb 22 00:57 .
gate-light-check	Verify Healthcheck Evidence	2026-02-22T00:57:17.7869597Z drwxr-xr-x 8 runner runner  4096 Feb 22 00:57 ..
gate-light-check	Verify Healthcheck Evidence	2026-02-22T00:57:17.7870395Z -rw-r--r-- 1 runner runner    33 Feb 22 00:57 .budget_260221_004f.json
gate-light-check	Verify Healthcheck Evidence	2026-02-22T00:57:17.7871307Z -rw-r--r-- 1 runner runner    33 Feb 22 00:57 .budget_260221_005h.json
gate-light-check	Verify Healthcheck Evidence	2026-02-22T00:57:17.7872148Z -rw-r--r-- 1 runner runner    33 Feb 22 00:57 .budget_260221_005i.json
gate-light-check	Verify Healthcheck Evidence	2026-02-22T00:57:17.7872990Z -rw-r--r-- 1 runner runner    33 Feb 22 00:57 .budget_260221_005j.json
gate-light-check	Verify Healthcheck Evidence	2026-02-22T00:57:17.7873526Z -rw-r--r-- 1 runner runner    33 Feb 22 00:57 .budget_260221_005k.json
gate-light-check	Verify Healthcheck Evidence	2026-02-22T00:57:17.7874321Z -rw-r--r-- 1 runner runner    33 Feb 22 00:57 .budget_260221_005l.json
gate-light-check	Verify Healthcheck Evidence	2026-02-22T00:57:17.7874812Z -rw-r--r-- 1 runner runner    33 Feb 22 00:57 .budget_260221_005m.json
gate-light-check	Verify Healthcheck Evidence	2026-02-22T00:57:17.7875259Z -rw-r--r-- 1 runner runner    33 Feb 22 00:57 .budget_260221_005n.json
gate-light-check	Verify Healthcheck Evidence	2026-02-22T00:57:17.7876177Z -rw-r--r-- 1 runner runner    33 Feb 22 00:57 .budget_260221_005o.json
gate-light-check	Verify Healthcheck Evidence	2026-02-22T00:57:17.7877046Z -rw-r--r-- 1 runner runner    33 Feb 22 00:57 .budget_260221_005r.json
gate-light-check	Verify Healthcheck Evidence	2026-02-22T00:57:17.7877627Z -rw-r--r-- 1 runner runner   869 Feb 22 00:57 260219_001.json
gate-light-check	Verify Healthcheck Evidence	2026-02-22T00:57:17.7878153Z -rw-r--r-- 1 runner runner   171 Feb 22 00:57 260219_001_healthcheck_53122_pairs.txt
gate-light-check	Verify Healthcheck Evidence	2026-02-22T00:57:17.7878719Z -rw-r--r-- 1 runner runner   166 Feb 22 00:57 260219_001_healthcheck_53122_root.txt
gate-light-check	Verify Healthcheck Evidence	2026-02-22T00:57:17.7879273Z -rw-r--r-- 1 runner runner   171 Feb 22 00:57 260219_004_healthcheck_53122_pairs.txt
gate-light-check	Verify Healthcheck Evidence	2026-02-22T00:57:17.7879813Z -rw-r--r-- 1 runner runner   166 Feb 22 00:57 260219_004_healthcheck_53122_root.txt
gate-light-check	Verify Healthcheck Evidence	2026-02-22T00:57:17.7880285Z -rw-r--r-- 1 runner runner  1168 Feb 22 00:57 260221_004a.json
gate-light-check	Verify Healthcheck Evidence	2026-02-22T00:57:17.7880767Z -rw-r--r-- 1 runner runner   171 Feb 22 00:57 260221_004a_healthcheck_53122_pairs.txt
gate-light-check	Verify Healthcheck Evidence	2026-02-22T00:57:17.7881395Z -rw-r--r-- 1 runner runner   166 Feb 22 00:57 260221_004a_healthcheck_53122_root.txt
gate-light-check	Verify Healthcheck Evidence	2026-02-22T00:57:17.7881957Z -rw-r--r-- 1 runner runner   171 Feb 22 00:57 260221_004f_healthcheck_53122_pairs.txt
gate-light-check	Verify Healthcheck Evidence	2026-02-22T00:57:17.7882509Z -rw-r--r-- 1 runner runner   166 Feb 22 00:57 260221_004f_healthcheck_53122_root.txt
gate-light-check	Verify Healthcheck Evidence	2026-02-22T00:57:17.7883371Z -rw-r--r-- 1 runner runner   870 Feb 22 00:57 260221_005h.json
gate-light-check	Verify Healthcheck Evidence	2026-02-22T00:57:17.7884110Z -rw-r--r-- 1 runner runner   171 Feb 22 00:57 260221_005h_healthcheck_53122_pairs.txt
gate-light-check	Verify Healthcheck Evidence	2026-02-22T00:57:17.7884706Z -rw-r--r-- 1 runner runner   166 Feb 22 00:57 260221_005h_healthcheck_53122_root.txt
gate-light-check	Verify Healthcheck Evidence	2026-02-22T00:57:17.7885196Z -rw-r--r-- 1 runner runner   870 Feb 22 00:57 260221_005i.json
gate-light-check	Verify Healthcheck Evidence	2026-02-22T00:57:17.7885690Z -rw-r--r-- 1 runner runner   171 Feb 22 00:57 260221_005i_healthcheck_53122_pairs.txt
gate-light-check	Verify Healthcheck Evidence	2026-02-22T00:57:17.7886237Z -rw-r--r-- 1 runner runner   166 Feb 22 00:57 260221_005i_healthcheck_53122_root.txt
gate-light-check	Verify Healthcheck Evidence	2026-02-22T00:57:17.7886706Z -rw-r--r-- 1 runner runner   870 Feb 22 00:57 260221_005j.json
gate-light-check	Verify Healthcheck Evidence	2026-02-22T00:57:17.7887183Z -rw-r--r-- 1 runner runner   171 Feb 22 00:57 260221_005j_healthcheck_53122_pairs.txt
gate-light-check	Verify Healthcheck Evidence	2026-02-22T00:57:17.7887727Z -rw-r--r-- 1 runner runner   166 Feb 22 00:57 260221_005j_healthcheck_53122_root.txt
gate-light-check	Verify Healthcheck Evidence	2026-02-22T00:57:17.7888190Z -rw-r--r-- 1 runner runner   870 Feb 22 00:57 260221_005k.json
gate-light-check	Verify Healthcheck Evidence	2026-02-22T00:57:17.7888676Z -rw-r--r-- 1 runner runner   171 Feb 22 00:57 260221_005k_healthcheck_53122_pairs.txt
gate-light-check	Verify Healthcheck Evidence	2026-02-22T00:57:17.7889216Z -rw-r--r-- 1 runner runner   166 Feb 22 00:57 260221_005k_healthcheck_53122_root.txt
gate-light-check	Verify Healthcheck Evidence	2026-02-22T00:57:17.7889675Z -rw-r--r-- 1 runner runner   870 Feb 22 00:57 260221_005l.json
gate-light-check	Verify Healthcheck Evidence	2026-02-22T00:57:17.7890147Z -rw-r--r-- 1 runner runner   171 Feb 22 00:57 260221_005l_healthcheck_53122_pairs.txt
gate-light-check	Verify Healthcheck Evidence	2026-02-22T00:57:17.7890692Z -rw-r--r-- 1 runner runner   166 Feb 22 00:57 260221_005l_healthcheck_53122_root.txt
gate-light-check	Verify Healthcheck Evidence	2026-02-22T00:57:17.7891160Z -rw-r--r-- 1 runner runner   870 Feb 22 00:57 260221_005m.json
gate-light-check	Verify Healthcheck Evidence	2026-02-22T00:57:17.7891636Z -rw-r--r-- 1 runner runner   171 Feb 22 00:57 260221_005m_healthcheck_53122_pairs.txt
gate-light-check	Verify Healthcheck Evidence	2026-02-22T00:57:17.7892173Z -rw-r--r-- 1 runner runner   166 Feb 22 00:57 260221_005m_healthcheck_53122_root.txt
gate-light-check	Verify Healthcheck Evidence	2026-02-22T00:57:17.7892637Z -rw-r--r-- 1 runner runner   870 Feb 22 00:57 260221_005n.json
gate-light-check	Verify Healthcheck Evidence	2026-02-22T00:57:17.7893111Z -rw-r--r-- 1 runner runner   171 Feb 22 00:57 260221_005n_healthcheck_53122_pairs.txt
gate-light-check	Verify Healthcheck Evidence	2026-02-22T00:57:17.7893658Z -rw-r--r-- 1 runner runner   166 Feb 22 00:57 260221_005n_healthcheck_53122_root.txt
gate-light-check	Verify Healthcheck Evidence	2026-02-22T00:57:17.7894364Z -rw-r--r-- 1 runner runner   870 Feb 22 00:57 260221_005o.json
gate-light-check	Verify Healthcheck Evidence	2026-02-22T00:57:17.7894855Z -rw-r--r-- 1 runner runner   171 Feb 22 00:57 260221_005o_healthcheck_53122_pairs.txt
gate-light-check	Verify Healthcheck Evidence	2026-02-22T00:57:17.7895404Z -rw-r--r-- 1 runner runner   166 Feb 22 00:57 260221_005o_healthcheck_53122_root.txt
gate-light-check	Verify Healthcheck Evidence	2026-02-22T00:57:17.7895866Z -rw-r--r-- 1 runner runner   870 Feb 22 00:57 260221_005r.json
gate-light-check	Verify Healthcheck Evidence	2026-02-22T00:57:17.7896359Z -rw-r--r-- 1 runner runner   178 Feb 22 00:57 260221_005r_healthcheck_53122_pairs.txt
gate-light-check	Verify Healthcheck Evidence	2026-02-22T00:57:17.7896912Z -rw-r--r-- 1 runner runner   173 Feb 22 00:57 260221_005r_healthcheck_53122_root.txt
gate-light-check	Verify Healthcheck Evidence	2026-02-22T00:57:17.7897409Z -rw-r--r-- 1 runner runner   276 Feb 22 00:57 auto_pr_260219_001.json
gate-light-check	Verify Healthcheck Evidence	2026-02-22T00:57:17.7897878Z -rw-r--r-- 1 runner runner   539 Feb 22 00:57 auto_pr_260221_004a.json
gate-light-check	Verify Healthcheck Evidence	2026-02-22T00:57:17.7898347Z -rw-r--r-- 1 runner runner   541 Feb 22 00:57 auto_pr_260221_004f.json
gate-light-check	Verify Healthcheck Evidence	2026-02-22T00:57:17.7898793Z -rw-r--r-- 1 runner runner   533 Feb 22 00:57 auto_pr_260221_005h.json
gate-light-check	Verify Healthcheck Evidence	2026-02-22T00:57:17.7899247Z -rw-r--r-- 1 runner runner   533 Feb 22 00:57 auto_pr_260221_005i.json
gate-light-check	Verify Healthcheck Evidence	2026-02-22T00:57:17.7899698Z -rw-r--r-- 1 runner runner   533 Feb 22 00:57 auto_pr_260221_005j.json
gate-light-check	Verify Healthcheck Evidence	2026-02-22T00:57:17.7900144Z -rw-r--r-- 1 runner runner   533 Feb 22 00:57 auto_pr_260221_005k.json
gate-light-check	Verify Healthcheck Evidence	2026-02-22T00:57:17.7900595Z -rw-r--r-- 1 runner runner   533 Feb 22 00:57 auto_pr_260221_005l.json
gate-light-check	Verify Healthcheck Evidence	2026-02-22T00:57:17.7901041Z -rw-r--r-- 1 runner runner   533 Feb 22 00:57 auto_pr_260221_005m.json
gate-light-check	Verify Healthcheck Evidence	2026-02-22T00:57:17.7901488Z -rw-r--r-- 1 runner runner   533 Feb 22 00:57 auto_pr_260221_005n.json
gate-light-check	Verify Healthcheck Evidence	2026-02-22T00:57:17.7901938Z -rw-r--r-- 1 runner runner   533 Feb 22 00:57 auto_pr_260221_005o.json
gate-light-check	Verify Healthcheck Evidence	2026-02-22T00:57:17.7902381Z -rw-r--r-- 1 runner runner   533 Feb 22 00:57 auto_pr_260221_005r.json
gate-light-check	Verify Healthcheck Evidence	2026-02-22T00:57:17.7903059Z -rw-r--r-- 1 runner runner   593 Feb 22 00:57 ci_dod_requirements_260219_004_FIX3.txt
gate-light-check	Verify Healthcheck Evidence	2026-02-22T00:57:17.7903713Z -rw-r--r-- 1 runner runner  1968 Feb 22 00:57 ci_parity_260219_001.json
gate-light-check	Verify Healthcheck Evidence	2026-02-22T00:57:17.7904523Z -rw-r--r-- 1 runner runner  2039 Feb 22 00:57 ci_parity_260219_004.json
gate-light-check	Verify Healthcheck Evidence	2026-02-22T00:57:17.7905012Z -rw-r--r-- 1 runner runner   572 Feb 22 00:57 ci_parity_260221_004a.json
gate-light-check	Verify Healthcheck Evidence	2026-02-22T00:57:17.7905493Z -rw-r--r-- 1 runner runner  2278 Feb 22 00:57 ci_parity_260221_004f.json
gate-light-check	Verify Healthcheck Evidence	2026-02-22T00:57:17.7905959Z -rw-r--r-- 1 runner runner   528 Feb 22 00:57 ci_parity_260221_005h.json
gate-light-check	Verify Healthcheck Evidence	2026-02-22T00:57:17.7906449Z -rw-r--r-- 1 runner runner  2145 Feb 22 00:57 ci_parity_260221_005i.json
gate-light-check	Verify Healthcheck Evidence	2026-02-22T00:57:17.7906926Z -rw-r--r-- 1 runner runner  3693 Feb 22 00:57 ci_parity_260221_005j.json
gate-light-check	Verify Healthcheck Evidence	2026-02-22T00:57:17.7907399Z -rw-r--r-- 1 runner runner  5241 Feb 22 00:57 ci_parity_260221_005k.json
gate-light-check	Verify Healthcheck Evidence	2026-02-22T00:57:17.7907870Z -rw-r--r-- 1 runner runner  6790 Feb 22 00:57 ci_parity_260221_005l.json
gate-light-check	Verify Healthcheck Evidence	2026-02-22T00:57:17.7908347Z -rw-r--r-- 1 runner runner  8407 Feb 22 00:57 ci_parity_260221_005m.json
gate-light-check	Verify Healthcheck Evidence	2026-02-22T00:57:17.7908817Z -rw-r--r-- 1 runner runner 10024 Feb 22 00:57 ci_parity_260221_005n.json
gate-light-check	Verify Healthcheck Evidence	2026-02-22T00:57:17.7909288Z -rw-r--r-- 1 runner runner 11687 Feb 22 00:57 ci_parity_260221_005o.json
gate-light-check	Verify Healthcheck Evidence	2026-02-22T00:57:17.7909752Z -rw-r--r-- 1 runner runner 14904 Feb 22 00:57 ci_parity_260221_005r.json
gate-light-check	Verify Healthcheck Evidence	2026-02-22T00:57:17.7910260Z -rw-r--r-- 1 runner runner   375 Feb 22 00:57 contract_self_check_260221_005h.txt
gate-light-check	Verify Healthcheck Evidence	2026-02-22T00:57:17.7910804Z -rw-r--r-- 1 runner runner   375 Feb 22 00:57 contract_self_check_260221_005i.txt
gate-light-check	Verify Healthcheck Evidence	2026-02-22T00:57:17.7911329Z -rw-r--r-- 1 runner runner   276 Feb 22 00:57 contract_self_check_260221_005j.txt
gate-light-check	Verify Healthcheck Evidence	2026-02-22T00:57:17.7911903Z -rw-r--r-- 1 runner runner   276 Feb 22 00:57 contract_self_check_260221_005k.txt
gate-light-check	Verify Healthcheck Evidence	2026-02-22T00:57:17.7912420Z -rw-r--r-- 1 runner runner   276 Feb 22 00:57 contract_self_check_260221_005l.txt
gate-light-check	Verify Healthcheck Evidence	2026-02-22T00:57:17.7912940Z -rw-r--r-- 1 runner runner   276 Feb 22 00:57 contract_self_check_260221_005m.txt
gate-light-check	Verify Healthcheck Evidence	2026-02-22T00:57:17.7913461Z -rw-r--r-- 1 runner runner   276 Feb 22 00:57 contract_self_check_260221_005n.txt
gate-light-check	Verify Healthcheck Evidence	2026-02-22T00:57:17.7914396Z -rw-r--r-- 1 runner runner   276 Feb 22 00:57 contract_self_check_260221_005o.txt
gate-light-check	Verify Healthcheck Evidence	2026-02-22T00:57:17.7915033Z -rw-r--r-- 1 runner runner   276 Feb 22 00:57 contract_self_check_260221_005r.txt
gate-light-check	Verify Healthcheck Evidence	2026-02-22T00:57:17.7915565Z -rw-r--r-- 1 runner runner  1878 Feb 22 00:57 deliverables_index_260219_001.json
gate-light-check	Verify Healthcheck Evidence	2026-02-22T00:57:17.7916101Z -rw-r--r-- 1 runner runner  1884 Feb 22 00:57 deliverables_index_260219_004.json
gate-light-check	Verify Healthcheck Evidence	2026-02-22T00:57:17.7916634Z -rw-r--r-- 1 runner runner  1904 Feb 22 00:57 deliverables_index_260221_004a.json
gate-light-check	Verify Healthcheck Evidence	2026-02-22T00:57:17.7917161Z -rw-r--r-- 1 runner runner  1904 Feb 22 00:57 deliverables_index_260221_004f.json
gate-light-check	Verify Healthcheck Evidence	2026-02-22T00:57:17.7917695Z -rw-r--r-- 1 runner runner  2022 Feb 22 00:57 deliverables_index_260221_005h.json
gate-light-check	Verify Healthcheck Evidence	2026-02-22T00:57:17.7918226Z -rw-r--r-- 1 runner runner  2130 Feb 22 00:57 deliverables_index_260221_005i.json
gate-light-check	Verify Healthcheck Evidence	2026-02-22T00:57:17.7918759Z -rw-r--r-- 1 runner runner  2130 Feb 22 00:57 deliverables_index_260221_005j.json
gate-light-check	Verify Healthcheck Evidence	2026-02-22T00:57:17.7919285Z -rw-r--r-- 1 runner runner  2130 Feb 22 00:57 deliverables_index_260221_005k.json
gate-light-check	Verify Healthcheck Evidence	2026-02-22T00:57:17.7919814Z -rw-r--r-- 1 runner runner  2130 Feb 22 00:57 deliverables_index_260221_005l.json
gate-light-check	Verify Healthcheck Evidence	2026-02-22T00:57:17.7920336Z -rw-r--r-- 1 runner runner  2130 Feb 22 00:57 deliverables_index_260221_005m.json
gate-light-check	Verify Healthcheck Evidence	2026-02-22T00:57:17.7920868Z -rw-r--r-- 1 runner runner  2131 Feb 22 00:57 deliverables_index_260221_005n.json
gate-light-check	Verify Healthcheck Evidence	2026-02-22T00:57:17.7921397Z -rw-r--r-- 1 runner runner  2131 Feb 22 00:57 deliverables_index_260221_005o.json
gate-light-check	Verify Healthcheck Evidence	2026-02-22T00:57:17.7921918Z -rw-r--r-- 1 runner runner  2131 Feb 22 00:57 deliverables_index_260221_005r.json
gate-light-check	Verify Healthcheck Evidence	2026-02-22T00:57:17.7922424Z -rw-r--r-- 1 runner runner    87 Feb 22 00:57 dod_evidence_260219_001.txt
gate-light-check	Verify Healthcheck Evidence	2026-02-22T00:57:17.7922909Z -rw-r--r-- 1 runner runner   281 Feb 22 00:57 dod_evidence_260219_004.txt
gate-light-check	Verify Healthcheck Evidence	2026-02-22T00:57:17.7923561Z -rw-r--r-- 1 runner runner   329 Feb 22 00:57 dod_evidence_260221_004a.txt
gate-light-check	Verify Healthcheck Evidence	2026-02-22T00:57:17.7924376Z -rw-r--r-- 1 runner runner   309 Feb 22 00:57 dod_evidence_260221_004f.txt
gate-light-check	Verify Healthcheck Evidence	2026-02-22T00:57:17.7924872Z -rw-r--r-- 1 runner runner   140 Feb 22 00:57 dod_evidence_260221_005h.txt
gate-light-check	Verify Healthcheck Evidence	2026-02-22T00:57:17.7925364Z -rw-r--r-- 1 runner runner   140 Feb 22 00:57 dod_evidence_260221_005i.txt
gate-light-check	Verify Healthcheck Evidence	2026-02-22T00:57:17.7925850Z -rw-r--r-- 1 runner runner   140 Feb 22 00:57 dod_evidence_260221_005j.txt
gate-light-check	Verify Healthcheck Evidence	2026-02-22T00:57:17.7926322Z -rw-r--r-- 1 runner runner   140 Feb 22 00:57 dod_evidence_260221_005k.txt
gate-light-check	Verify Healthcheck Evidence	2026-02-22T00:57:17.7926802Z -rw-r--r-- 1 runner runner   140 Feb 22 00:57 dod_evidence_260221_005l.txt
gate-light-check	Verify Healthcheck Evidence	2026-02-22T00:57:17.7927282Z -rw-r--r-- 1 runner runner   140 Feb 22 00:57 dod_evidence_260221_005m.txt
gate-light-check	Verify Healthcheck Evidence	2026-02-22T00:57:17.7927758Z -rw-r--r-- 1 runner runner   140 Feb 22 00:57 dod_evidence_260221_005n.txt
gate-light-check	Verify Healthcheck Evidence	2026-02-22T00:57:17.7928234Z -rw-r--r-- 1 runner runner   140 Feb 22 00:57 dod_evidence_260221_005o.txt
gate-light-check	Verify Healthcheck Evidence	2026-02-22T00:57:17.7928720Z -rw-r--r-- 1 runner runner   140 Feb 22 00:57 dod_evidence_260221_005r.txt
gate-light-check	Verify Healthcheck Evidence	2026-02-22T00:57:17.7929190Z -rw-r--r-- 1 runner runner    69 Feb 22 00:57 errors_260219_001.jsonl
gate-light-check	Verify Healthcheck Evidence	2026-02-22T00:57:17.7929646Z -rw-r--r-- 1 runner runner     3 Feb 22 00:57 errors_260219_004.jsonl
gate-light-check	Verify Healthcheck Evidence	2026-02-22T00:57:17.7930104Z -rw-r--r-- 1 runner runner   223 Feb 22 00:57 errors_260221_004a.jsonl
gate-light-check	Verify Healthcheck Evidence	2026-02-22T00:57:17.7930586Z -rw-r--r-- 1 runner runner   223 Feb 22 00:57 errors_260221_004f.jsonl
gate-light-check	Verify Healthcheck Evidence	2026-02-22T00:57:17.7931040Z -rw-r--r-- 1 runner runner   223 Feb 22 00:57 errors_260221_005h.jsonl
gate-light-check	Verify Healthcheck Evidence	2026-02-22T00:57:17.7931483Z -rw-r--r-- 1 runner runner   223 Feb 22 00:57 errors_260221_005i.jsonl
gate-light-check	Verify Healthcheck Evidence	2026-02-22T00:57:17.7931930Z -rw-r--r-- 1 runner runner   223 Feb 22 00:57 errors_260221_005j.jsonl
gate-light-check	Verify Healthcheck Evidence	2026-02-22T00:57:17.7932383Z -rw-r--r-- 1 runner runner   223 Feb 22 00:57 errors_260221_005k.jsonl
gate-light-check	Verify Healthcheck Evidence	2026-02-22T00:57:17.7932828Z -rw-r--r-- 1 runner runner   223 Feb 22 00:57 errors_260221_005l.jsonl
gate-light-check	Verify Healthcheck Evidence	2026-02-22T00:57:17.7933281Z -rw-r--r-- 1 runner runner   223 Feb 22 00:57 errors_260221_005m.jsonl
gate-light-check	Verify Healthcheck Evidence	2026-02-22T00:57:17.7933728Z -rw-r--r-- 1 runner runner   223 Feb 22 00:57 errors_260221_005n.jsonl
gate-light-check	Verify Healthcheck Evidence	2026-02-22T00:57:17.7934396Z -rw-r--r-- 1 runner runner   223 Feb 22 00:57 errors_260221_005o.jsonl
gate-light-check	Verify Healthcheck Evidence	2026-02-22T00:57:17.7934852Z -rw-r--r-- 1 runner runner   216 Feb 22 00:57 errors_260221_005r.jsonl
gate-light-check	Verify Healthcheck Evidence	2026-02-22T00:57:17.7935329Z -rw-r--r-- 1 runner runner    87 Feb 22 00:57 errors_summary_260219_001.txt
gate-light-check	Verify Healthcheck Evidence	2026-02-22T00:57:17.7935825Z -rw-r--r-- 1 runner runner    20 Feb 22 00:57 errors_summary_260219_004.txt
gate-light-check	Verify Healthcheck Evidence	2026-02-22T00:57:17.7936324Z -rw-r--r-- 1 runner runner   147 Feb 22 00:57 errors_summary_260221_004a.txt
gate-light-check	Verify Healthcheck Evidence	2026-02-22T00:57:17.7936826Z -rw-r--r-- 1 runner runner   147 Feb 22 00:57 errors_summary_260221_004f.txt
gate-light-check	Verify Healthcheck Evidence	2026-02-22T00:57:17.7937318Z -rw-r--r-- 1 runner runner   208 Feb 22 00:57 errors_summary_260221_005h.txt
gate-light-check	Verify Healthcheck Evidence	2026-02-22T00:57:17.7937813Z -rw-r--r-- 1 runner runner   208 Feb 22 00:57 errors_summary_260221_005i.txt
gate-light-check	Verify Healthcheck Evidence	2026-02-22T00:57:17.7938303Z -rw-r--r-- 1 runner runner   208 Feb 22 00:57 errors_summary_260221_005j.txt
gate-light-check	Verify Healthcheck Evidence	2026-02-22T00:57:17.7938802Z -rw-r--r-- 1 runner runner   208 Feb 22 00:57 errors_summary_260221_005k.txt
gate-light-check	Verify Healthcheck Evidence	2026-02-22T00:57:17.7939297Z -rw-r--r-- 1 runner runner   208 Feb 22 00:57 errors_summary_260221_005l.txt
gate-light-check	Verify Healthcheck Evidence	2026-02-22T00:57:17.7939784Z -rw-r--r-- 1 runner runner   208 Feb 22 00:57 errors_summary_260221_005m.txt
gate-light-check	Verify Healthcheck Evidence	2026-02-22T00:57:17.7940278Z -rw-r--r-- 1 runner runner   208 Feb 22 00:57 errors_summary_260221_005n.txt
gate-light-check	Verify Healthcheck Evidence	2026-02-22T00:57:17.7940773Z -rw-r--r-- 1 runner runner   208 Feb 22 00:57 errors_summary_260221_005o.txt
gate-light-check	Verify Healthcheck Evidence	2026-02-22T00:57:17.7941260Z -rw-r--r-- 1 runner runner   378 Feb 22 00:57 errors_summary_260221_005r.txt
gate-light-check	Verify Healthcheck Evidence	2026-02-22T00:57:17.7941774Z -rw-r--r-- 1 runner runner   795 Feb 22 00:57 evidence_manifest_260219_001.json
gate-light-check	Verify Healthcheck Evidence	2026-02-22T00:57:17.7942297Z -rw-r--r-- 1 runner runner   764 Feb 22 00:57 evidence_manifest_260219_004.json
gate-light-check	Verify Healthcheck Evidence	2026-02-22T00:57:17.7942816Z -rw-r--r-- 1 runner runner   797 Feb 22 00:57 evidence_manifest_260221_004a.json
gate-light-check	Verify Healthcheck Evidence	2026-02-22T00:57:17.7943570Z -rw-r--r-- 1 runner runner   797 Feb 22 00:57 evidence_manifest_260221_004f.json
gate-light-check	Verify Healthcheck Evidence	2026-02-22T00:57:17.7944335Z -rw-r--r-- 1 runner runner   872 Feb 22 00:57 evidence_manifest_260221_005h.json
gate-light-check	Verify Healthcheck Evidence	2026-02-22T00:57:17.7944870Z -rw-r--r-- 1 runner runner   872 Feb 22 00:57 evidence_manifest_260221_005i.json
gate-light-check	Verify Healthcheck Evidence	2026-02-22T00:57:17.7945389Z -rw-r--r-- 1 runner runner   872 Feb 22 00:57 evidence_manifest_260221_005j.json
gate-light-check	Verify Healthcheck Evidence	2026-02-22T00:57:17.7945908Z -rw-r--r-- 1 runner runner   872 Feb 22 00:57 evidence_manifest_260221_005k.json
gate-light-check	Verify Healthcheck Evidence	2026-02-22T00:57:17.7946418Z -rw-r--r-- 1 runner runner   872 Feb 22 00:57 evidence_manifest_260221_005l.json
gate-light-check	Verify Healthcheck Evidence	2026-02-22T00:57:17.7946937Z -rw-r--r-- 1 runner runner   872 Feb 22 00:57 evidence_manifest_260221_005m.json
gate-light-check	Verify Healthcheck Evidence	2026-02-22T00:57:17.7947446Z -rw-r--r-- 1 runner runner   872 Feb 22 00:57 evidence_manifest_260221_005n.json
gate-light-check	Verify Healthcheck Evidence	2026-02-22T00:57:17.7947963Z -rw-r--r-- 1 runner runner   872 Feb 22 00:57 evidence_manifest_260221_005o.json
gate-light-check	Verify Healthcheck Evidence	2026-02-22T00:57:17.7948488Z -rw-r--r-- 1 runner runner   856 Feb 22 00:57 evidence_manifest_260221_005r.json
gate-light-check	Verify Healthcheck Evidence	2026-02-22T00:57:17.7949034Z -rw-r--r-- 1 runner runner    22 Feb 22 00:57 gate_light_preview_260219_001.log
gate-light-check	Verify Healthcheck Evidence	2026-02-22T00:57:17.7949590Z -rw-r--r-- 1 runner runner  5754 Feb 22 00:57 gate_light_preview_260219_004.log
gate-light-check	Verify Healthcheck Evidence	2026-02-22T00:57:17.7950116Z -rw-r--r-- 1 runner runner  4993 Feb 22 00:57 gate_light_preview_260221_004a.log
gate-light-check	Verify Healthcheck Evidence	2026-02-22T00:57:17.7950636Z -rw-r--r-- 1 runner runner  4993 Feb 22 00:57 gate_light_preview_260221_004f.log
gate-light-check	Verify Healthcheck Evidence	2026-02-22T00:57:17.7951158Z -rw-r--r-- 1 runner runner  4993 Feb 22 00:57 gate_light_preview_260221_005h.log
gate-light-check	Verify Healthcheck Evidence	2026-02-22T00:57:17.7951680Z -rw-r--r-- 1 runner runner  4993 Feb 22 00:57 gate_light_preview_260221_005i.log
gate-light-check	Verify Healthcheck Evidence	2026-02-22T00:57:17.7952197Z -rw-r--r-- 1 runner runner  4993 Feb 22 00:57 gate_light_preview_260221_005j.log
gate-light-check	Verify Healthcheck Evidence	2026-02-22T00:57:17.7952720Z -rw-r--r-- 1 runner runner  4993 Feb 22 00:57 gate_light_preview_260221_005k.log
gate-light-check	Verify Healthcheck Evidence	2026-02-22T00:57:17.7953242Z -rw-r--r-- 1 runner runner  4993 Feb 22 00:57 gate_light_preview_260221_005l.log
gate-light-check	Verify Healthcheck Evidence	2026-02-22T00:57:17.7953765Z -rw-r--r-- 1 runner runner  4918 Feb 22 00:57 gate_light_preview_260221_005l.txt
gate-light-check	Verify Healthcheck Evidence	2026-02-22T00:57:17.7954626Z -rw-r--r-- 1 runner runner  4993 Feb 22 00:57 gate_light_preview_260221_005m.log
gate-light-check	Verify Healthcheck Evidence	2026-02-22T00:57:17.7955166Z -rw-r--r-- 1 runner runner  4918 Feb 22 00:57 gate_light_preview_260221_005m.txt
gate-light-check	Verify Healthcheck Evidence	2026-02-22T00:57:17.7955693Z -rw-r--r-- 1 runner runner  4993 Feb 22 00:57 gate_light_preview_260221_005n.log
gate-light-check	Verify Healthcheck Evidence	2026-02-22T00:57:17.7956216Z -rw-r--r-- 1 runner runner  4918 Feb 22 00:57 gate_light_preview_260221_005n.txt
gate-light-check	Verify Healthcheck Evidence	2026-02-22T00:57:17.7956730Z -rw-r--r-- 1 runner runner  4993 Feb 22 00:57 gate_light_preview_260221_005o.log
gate-light-check	Verify Healthcheck Evidence	2026-02-22T00:57:17.7957249Z -rw-r--r-- 1 runner runner  3281 Feb 22 00:57 gate_light_preview_260221_005o.txt
gate-light-check	Verify Healthcheck Evidence	2026-02-22T00:57:17.7957766Z -rw-r--r-- 1 runner runner  5605 Feb 22 00:57 gate_light_preview_260221_005r.log
gate-light-check	Verify Healthcheck Evidence	2026-02-22T00:57:17.7958278Z -rw-r--r-- 1 runner runner  3407 Feb 22 00:57 gate_light_preview_260221_005r.txt
gate-light-check	Verify Healthcheck Evidence	2026-02-22T00:57:17.7958812Z -rw-r--r-- 1 runner runner  3735 Feb 22 00:57 generate_evidence_260216_002.mjs
gate-light-check	Verify Healthcheck Evidence	2026-02-22T00:57:17.7959333Z -rw-r--r-- 1 runner runner  3766 Feb 22 00:57 generate_evidence_260216_003.js
gate-light-check	Verify Healthcheck Evidence	2026-02-22T00:57:17.7959847Z -rw-r--r-- 1 runner runner  4356 Feb 22 00:57 generate_evidence_260216_004.js
gate-light-check	Verify Healthcheck Evidence	2026-02-22T00:57:17.7960360Z -rw-r--r-- 1 runner runner  4776 Feb 22 00:57 generate_evidence_260216_008.js
gate-light-check	Verify Healthcheck Evidence	2026-02-22T00:57:17.7961088Z -rw-r--r-- 1 runner runner  4295 Feb 22 00:57 generate_evidence_260216_009_WorkflowReleaseGate_FailBudget_NonInteractive.js
gate-light-check	Verify Healthcheck Evidence	2026-02-22T00:57:17.7961762Z -rw-r--r-- 1 runner runner  2494 Feb 22 00:57 generate_evidence_260216_010.js
gate-light-check	Verify Healthcheck Evidence	2026-02-22T00:57:17.7962274Z -rw-r--r-- 1 runner runner  2184 Feb 22 00:57 generate_evidence_260218_011.js
gate-light-check	Verify Healthcheck Evidence	2026-02-22T00:57:17.7962777Z -rw-r--r-- 1 runner runner  3973 Feb 22 00:57 generate_evidence_260218_014.js
gate-light-check	Verify Healthcheck Evidence	2026-02-22T00:57:17.7963282Z -rw-r--r-- 1 runner runner  2541 Feb 22 00:57 generate_evidence_260218_018.mjs
gate-light-check	Verify Healthcheck Evidence	2026-02-22T00:57:17.7964194Z -rw-r--r-- 1 runner runner   973 Feb 22 00:57 generate_evidence_260218_022.mjs
gate-light-check	Verify Healthcheck Evidence	2026-02-22T00:57:17.7964716Z -rw-r--r-- 1 runner runner  6366 Feb 22 00:57 generate_evidence_260219_001.mjs
gate-light-check	Verify Healthcheck Evidence	2026-02-22T00:57:17.7965221Z -rw-r--r-- 1 runner runner  2530 Feb 22 00:57 generate_evidence_260219_004.mjs
gate-light-check	Verify Healthcheck Evidence	2026-02-22T00:57:17.7965735Z -rw-r--r-- 1 runner runner  2530 Feb 22 00:57 generate_evidence_260219_005.mjs
gate-light-check	Verify Healthcheck Evidence	2026-02-22T00:57:17.7966245Z -rw-r--r-- 1 runner runner  2530 Feb 22 00:57 generate_evidence_260219_006.mjs
gate-light-check	Verify Healthcheck Evidence	2026-02-22T00:57:17.7966759Z -rw-r--r-- 1 runner runner  2530 Feb 22 00:57 generate_evidence_260220_001.mjs
gate-light-check	Verify Healthcheck Evidence	2026-02-22T00:57:17.7967279Z -rw-r--r-- 1 runner runner  2558 Feb 22 00:57 generate_evidence_260221_001d.mjs
gate-light-check	Verify Healthcheck Evidence	2026-02-22T00:57:17.7967797Z -rw-r--r-- 1 runner runner  2558 Feb 22 00:57 generate_evidence_260221_001e.mjs
gate-light-check	Verify Healthcheck Evidence	2026-02-22T00:57:17.7968316Z -rw-r--r-- 1 runner runner  2558 Feb 22 00:57 generate_evidence_260221_001f.mjs
gate-light-check	Verify Healthcheck Evidence	2026-02-22T00:57:17.7968839Z -rw-r--r-- 1 runner runner  2569 Feb 22 00:57 generate_evidence_260221_004.mjs
gate-light-check	Verify Healthcheck Evidence	2026-02-22T00:57:17.7969353Z -rw-r--r-- 1 runner runner  2570 Feb 22 00:57 generate_evidence_260221_004a.mjs
gate-light-check	Verify Healthcheck Evidence	2026-02-22T00:57:17.7969869Z -rw-r--r-- 1 runner runner  2549 Feb 22 00:57 generate_evidence_260221_004c.mjs
gate-light-check	Verify Healthcheck Evidence	2026-02-22T00:57:17.7970381Z -rw-r--r-- 1 runner runner  2549 Feb 22 00:57 generate_evidence_260221_004f.mjs
gate-light-check	Verify Healthcheck Evidence	2026-02-22T00:57:17.7970891Z -rw-r--r-- 1 runner runner  2818 Feb 22 00:57 generate_evidence_260221_005h.mjs
gate-light-check	Verify Healthcheck Evidence	2026-02-22T00:57:17.7971411Z -rw-r--r-- 1 runner runner  2818 Feb 22 00:57 generate_evidence_260221_005i.mjs
gate-light-check	Verify Healthcheck Evidence	2026-02-22T00:57:17.7971924Z -rw-r--r-- 1 runner runner  2818 Feb 22 00:57 generate_evidence_260221_005j.mjs
gate-light-check	Verify Healthcheck Evidence	2026-02-22T00:57:17.7972434Z -rw-r--r-- 1 runner runner  2818 Feb 22 00:57 generate_evidence_260221_005k.mjs
gate-light-check	Verify Healthcheck Evidence	2026-02-22T00:57:17.7972950Z -rw-r--r-- 1 runner runner  2818 Feb 22 00:57 generate_evidence_260221_005l.mjs
gate-light-check	Verify Healthcheck Evidence	2026-02-22T00:57:17.7973463Z -rw-r--r-- 1 runner runner  2818 Feb 22 00:57 generate_evidence_260221_005m.mjs
gate-light-check	Verify Healthcheck Evidence	2026-02-22T00:57:17.7974111Z -rw-r--r-- 1 runner runner  2818 Feb 22 00:57 generate_evidence_260221_005n.mjs
gate-light-check	Verify Healthcheck Evidence	2026-02-22T00:57:17.7974645Z -rw-r--r-- 1 runner runner  2818 Feb 22 00:57 generate_evidence_260221_005o.mjs
gate-light-check	Verify Healthcheck Evidence	2026-02-22T00:57:17.7975159Z -rw-r--r-- 1 runner runner  2818 Feb 22 00:57 generate_evidence_260221_005r.mjs
gate-light-check	Verify Healthcheck Evidence	2026-02-22T00:57:17.7975657Z -rw-r--r-- 1 runner runner   126 Feb 22 00:57 git_meta_260219_001.json
gate-light-check	Verify Healthcheck Evidence	2026-02-22T00:57:17.7976121Z -rw-r--r-- 1 runner runner   310 Feb 22 00:57 git_meta_260219_004.json
gate-light-check	Verify Healthcheck Evidence	2026-02-22T00:57:17.7976582Z -rw-r--r-- 1 runner runner   298 Feb 22 00:57 git_meta_260221_004a.json
gate-light-check	Verify Healthcheck Evidence	2026-02-22T00:57:17.7977050Z -rw-r--r-- 1 runner runner   299 Feb 22 00:57 git_meta_260221_004f.json
gate-light-check	Verify Healthcheck Evidence	2026-02-22T00:57:17.7977510Z -rw-r--r-- 1 runner runner   183 Feb 22 00:57 git_meta_260221_005h.json
gate-light-check	Verify Healthcheck Evidence	2026-02-22T00:57:17.7977958Z -rw-r--r-- 1 runner runner   183 Feb 22 00:57 git_meta_260221_005i.json
gate-light-check	Verify Healthcheck Evidence	2026-02-22T00:57:17.7978418Z -rw-r--r-- 1 runner runner   183 Feb 22 00:57 git_meta_260221_005j.json
gate-light-check	Verify Healthcheck Evidence	2026-02-22T00:57:17.7978884Z -rw-r--r-- 1 runner runner   183 Feb 22 00:57 git_meta_260221_005k.json
gate-light-check	Verify Healthcheck Evidence	2026-02-22T00:57:17.7979330Z -rw-r--r-- 1 runner runner   183 Feb 22 00:57 git_meta_260221_005l.json
gate-light-check	Verify Healthcheck Evidence	2026-02-22T00:57:17.7979782Z -rw-r--r-- 1 runner runner   183 Feb 22 00:57 git_meta_260221_005m.json
gate-light-check	Verify Healthcheck Evidence	2026-02-22T00:57:17.7980238Z -rw-r--r-- 1 runner runner   183 Feb 22 00:57 git_meta_260221_005n.json
gate-light-check	Verify Healthcheck Evidence	2026-02-22T00:57:17.7980685Z -rw-r--r-- 1 runner runner   183 Feb 22 00:57 git_meta_260221_005o.json
gate-light-check	Verify Healthcheck Evidence	2026-02-22T00:57:17.7981134Z -rw-r--r-- 1 runner runner   183 Feb 22 00:57 git_meta_260221_005r.json
gate-light-check	Verify Healthcheck Evidence	2026-02-22T00:57:17.7981626Z -rw-r--r-- 1 runner runner    99 Feb 22 00:57 manual_verification_260219_001.json
gate-light-check	Verify Healthcheck Evidence	2026-02-22T00:57:17.7982158Z -rw-r--r-- 1 runner runner    99 Feb 22 00:57 manual_verification_260219_004.json
gate-light-check	Verify Healthcheck Evidence	2026-02-22T00:57:17.7982697Z -rw-r--r-- 1 runner runner    99 Feb 22 00:57 manual_verification_260221_004a.json
gate-light-check	Verify Healthcheck Evidence	2026-02-22T00:57:17.7983236Z -rw-r--r-- 1 runner runner    99 Feb 22 00:57 manual_verification_260221_004f.json
gate-light-check	Verify Healthcheck Evidence	2026-02-22T00:57:17.7984312Z -rw-r--r-- 1 runner runner    99 Feb 22 00:57 manual_verification_260221_005h.json
gate-light-check	Verify Healthcheck Evidence	2026-02-22T00:57:17.7984880Z -rw-r--r-- 1 runner runner    99 Feb 22 00:57 manual_verification_260221_005i.json
gate-light-check	Verify Healthcheck Evidence	2026-02-22T00:57:17.7985404Z -rw-r--r-- 1 runner runner    99 Feb 22 00:57 manual_verification_260221_005j.json
gate-light-check	Verify Healthcheck Evidence	2026-02-22T00:57:17.7985938Z -rw-r--r-- 1 runner runner    99 Feb 22 00:57 manual_verification_260221_005k.json
gate-light-check	Verify Healthcheck Evidence	2026-02-22T00:57:17.7986474Z -rw-r--r-- 1 runner runner    99 Feb 22 00:57 manual_verification_260221_005l.json
gate-light-check	Verify Healthcheck Evidence	2026-02-22T00:57:17.7986997Z -rw-r--r-- 1 runner runner    99 Feb 22 00:57 manual_verification_260221_005m.json
gate-light-check	Verify Healthcheck Evidence	2026-02-22T00:57:17.7987521Z -rw-r--r-- 1 runner runner    99 Feb 22 00:57 manual_verification_260221_005n.json
gate-light-check	Verify Healthcheck Evidence	2026-02-22T00:57:17.7988044Z -rw-r--r-- 1 runner runner    99 Feb 22 00:57 manual_verification_260221_005o.json
gate-light-check	Verify Healthcheck Evidence	2026-02-22T00:57:17.7988565Z -rw-r--r-- 1 runner runner    99 Feb 22 00:57 manual_verification_260221_005r.json
gate-light-check	Verify Healthcheck Evidence	2026-02-22T00:57:17.7989066Z -rw-r--r-- 1 runner runner  1732 Feb 22 00:57 notify_260219_001.txt
gate-light-check	Verify Healthcheck Evidence	2026-02-22T00:57:17.7989516Z -rw-r--r-- 1 runner runner  9661 Feb 22 00:57 notify_260219_004.txt
gate-light-check	Verify Healthcheck Evidence	2026-02-22T00:57:17.7989957Z -rw-r--r-- 1 runner runner  9251 Feb 22 00:57 notify_260221_004a.txt
gate-light-check	Verify Healthcheck Evidence	2026-02-22T00:57:17.7990404Z -rw-r--r-- 1 runner runner  9245 Feb 22 00:57 notify_260221_004f.txt
gate-light-check	Verify Healthcheck Evidence	2026-02-22T00:57:17.7990836Z -rw-r--r-- 1 runner runner  9679 Feb 22 00:57 notify_260221_005h.txt
gate-light-check	Verify Healthcheck Evidence	2026-02-22T00:57:17.7991275Z -rw-r--r-- 1 runner runner  9702 Feb 22 00:57 notify_260221_005i.txt
gate-light-check	Verify Healthcheck Evidence	2026-02-22T00:57:17.7991719Z -rw-r--r-- 1 runner runner  9702 Feb 22 00:57 notify_260221_005j.txt
gate-light-check	Verify Healthcheck Evidence	2026-02-22T00:57:17.7992152Z -rw-r--r-- 1 runner runner  9702 Feb 22 00:57 notify_260221_005k.txt
gate-light-check	Verify Healthcheck Evidence	2026-02-22T00:57:17.7992592Z -rw-r--r-- 1 runner runner  9703 Feb 22 00:57 notify_260221_005l.txt
gate-light-check	Verify Healthcheck Evidence	2026-02-22T00:57:17.7993030Z -rw-r--r-- 1 runner runner  9703 Feb 22 00:57 notify_260221_005m.txt
gate-light-check	Verify Healthcheck Evidence	2026-02-22T00:57:17.7993469Z -rw-r--r-- 1 runner runner  9703 Feb 22 00:57 notify_260221_005n.txt
gate-light-check	Verify Healthcheck Evidence	2026-02-22T00:57:17.7994062Z -rw-r--r-- 1 runner runner  9703 Feb 22 00:57 notify_260221_005o.txt
gate-light-check	Verify Healthcheck Evidence	2026-02-22T00:57:17.7994507Z -rw-r--r-- 1 runner runner 10214 Feb 22 00:57 notify_260221_005r.txt
gate-light-check	Verify Healthcheck Evidence	2026-02-22T00:57:17.7994976Z -rw-r--r-- 1 runner runner   237 Feb 22 00:57 open_pr_guard_260219_001.json
gate-light-check	Verify Healthcheck Evidence	2026-02-22T00:57:17.7995479Z -rw-r--r-- 1 runner runner   237 Feb 22 00:57 open_pr_guard_260219_004.json
gate-light-check	Verify Healthcheck Evidence	2026-02-22T00:57:17.7995980Z -rw-r--r-- 1 runner runner   237 Feb 22 00:57 open_pr_guard_260221_004a.json
gate-light-check	Verify Healthcheck Evidence	2026-02-22T00:57:17.7996479Z -rw-r--r-- 1 runner runner   543 Feb 22 00:57 open_pr_guard_260221_004f.json
gate-light-check	Verify Healthcheck Evidence	2026-02-22T00:57:17.7996981Z -rw-r--r-- 1 runner runner  1161 Feb 22 00:57 open_pr_guard_260221_005h.json
gate-light-check	Verify Healthcheck Evidence	2026-02-22T00:57:17.7997475Z -rw-r--r-- 1 runner runner  1405 Feb 22 00:57 open_pr_guard_260221_005i.json
gate-light-check	Verify Healthcheck Evidence	2026-02-22T00:57:17.7997972Z -rw-r--r-- 1 runner runner  1405 Feb 22 00:57 open_pr_guard_260221_005j.json
gate-light-check	Verify Healthcheck Evidence	2026-02-22T00:57:17.7998480Z -rw-r--r-- 1 runner runner  1405 Feb 22 00:57 open_pr_guard_260221_005k.json
gate-light-check	Verify Healthcheck Evidence	2026-02-22T00:57:17.7998975Z -rw-r--r-- 1 runner runner  1645 Feb 22 00:57 open_pr_guard_260221_005l.json
gate-light-check	Verify Healthcheck Evidence	2026-02-22T00:57:17.7999473Z -rw-r--r-- 1 runner runner  1664 Feb 22 00:57 open_pr_guard_260221_005m.json
gate-light-check	Verify Healthcheck Evidence	2026-02-22T00:57:17.7999971Z -rw-r--r-- 1 runner runner  1904 Feb 22 00:57 open_pr_guard_260221_005n.json
gate-light-check	Verify Healthcheck Evidence	2026-02-22T00:57:17.8000463Z -rw-r--r-- 1 runner runner  2144 Feb 22 00:57 open_pr_guard_260221_005o.json
gate-light-check	Verify Healthcheck Evidence	2026-02-22T00:57:17.8000961Z -rw-r--r-- 1 runner runner   237 Feb 22 00:57 open_pr_guard_260221_005r.json
gate-light-check	Verify Healthcheck Evidence	2026-02-22T00:57:17.8001491Z -rw-r--r-- 1 runner runner   159 Feb 22 00:57 preflight_attestation_260219_001.json
gate-light-check	Verify Healthcheck Evidence	2026-02-22T00:57:17.8002043Z -rw-r--r-- 1 runner runner   314 Feb 22 00:57 preflight_attestation_260219_004.json
gate-light-check	Verify Healthcheck Evidence	2026-02-22T00:57:17.8002599Z -rw-r--r-- 1 runner runner   325 Feb 22 00:57 preflight_attestation_260221_004a.json
gate-light-check	Verify Healthcheck Evidence	2026-02-22T00:57:17.8003315Z -rw-r--r-- 1 runner runner   327 Feb 22 00:57 preflight_attestation_260221_004f.json
gate-light-check	Verify Healthcheck Evidence	2026-02-22T00:57:17.8004133Z -rw-r--r-- 1 runner runner   323 Feb 22 00:57 preflight_attestation_260221_005h.json
gate-light-check	Verify Healthcheck Evidence	2026-02-22T00:57:17.8004712Z -rw-r--r-- 1 runner runner   323 Feb 22 00:57 preflight_attestation_260221_005i.json
gate-light-check	Verify Healthcheck Evidence	2026-02-22T00:57:17.8005276Z -rw-r--r-- 1 runner runner   323 Feb 22 00:57 preflight_attestation_260221_005j.json
gate-light-check	Verify Healthcheck Evidence	2026-02-22T00:57:17.8005825Z -rw-r--r-- 1 runner runner   323 Feb 22 00:57 preflight_attestation_260221_005k.json
gate-light-check	Verify Healthcheck Evidence	2026-02-22T00:57:17.8006378Z -rw-r--r-- 1 runner runner   323 Feb 22 00:57 preflight_attestation_260221_005l.json
gate-light-check	Verify Healthcheck Evidence	2026-02-22T00:57:17.8006918Z -rw-r--r-- 1 runner runner   322 Feb 22 00:57 preflight_attestation_260221_005m.json
gate-light-check	Verify Healthcheck Evidence	2026-02-22T00:57:17.8007464Z -rw-r--r-- 1 runner runner   323 Feb 22 00:57 preflight_attestation_260221_005n.json
gate-light-check	Verify Healthcheck Evidence	2026-02-22T00:57:17.8008015Z -rw-r--r-- 1 runner runner   323 Feb 22 00:57 preflight_attestation_260221_005o.json
gate-light-check	Verify Healthcheck Evidence	2026-02-22T00:57:17.8008578Z -rw-r--r-- 1 runner runner   322 Feb 22 00:57 preflight_attestation_260221_005r.json
gate-light-check	Verify Healthcheck Evidence	2026-02-22T00:57:17.8009086Z -rw-r--r-- 1 runner runner   461 Feb 22 00:57 result_260219_001.json
gate-light-check	Verify Healthcheck Evidence	2026-02-22T00:57:17.8009540Z -rw-r--r-- 1 runner runner   768 Feb 22 00:57 result_260219_004.json
gate-light-check	Verify Healthcheck Evidence	2026-02-22T00:57:17.8009988Z -rw-r--r-- 1 runner runner   759 Feb 22 00:57 result_260221_004a.json
gate-light-check	Verify Healthcheck Evidence	2026-02-22T00:57:17.8010442Z -rw-r--r-- 1 runner runner   760 Feb 22 00:57 result_260221_004f.json
gate-light-check	Verify Healthcheck Evidence	2026-02-22T00:57:17.8010893Z -rw-r--r-- 1 runner runner   481 Feb 22 00:57 result_260221_005h.json
gate-light-check	Verify Healthcheck Evidence	2026-02-22T00:57:17.8011334Z -rw-r--r-- 1 runner runner   481 Feb 22 00:57 result_260221_005i.json
gate-light-check	Verify Healthcheck Evidence	2026-02-22T00:57:17.8011775Z -rw-r--r-- 1 runner runner   481 Feb 22 00:57 result_260221_005j.json
gate-light-check	Verify Healthcheck Evidence	2026-02-22T00:57:17.8012222Z -rw-r--r-- 1 runner runner   481 Feb 22 00:57 result_260221_005k.json
gate-light-check	Verify Healthcheck Evidence	2026-02-22T00:57:17.8012662Z -rw-r--r-- 1 runner runner   481 Feb 22 00:57 result_260221_005l.json
gate-light-check	Verify Healthcheck Evidence	2026-02-22T00:57:17.8013111Z -rw-r--r-- 1 runner runner   481 Feb 22 00:57 result_260221_005m.json
gate-light-check	Verify Healthcheck Evidence	2026-02-22T00:57:17.8013559Z -rw-r--r-- 1 runner runner   481 Feb 22 00:57 result_260221_005n.json
gate-light-check	Verify Healthcheck Evidence	2026-02-22T00:57:17.8014125Z -rw-r--r-- 1 runner runner   481 Feb 22 00:57 result_260221_005o.json
gate-light-check	Verify Healthcheck Evidence	2026-02-22T00:57:17.8014576Z -rw-r--r-- 1 runner runner   481 Feb 22 00:57 result_260221_005r.json
gate-light-check	Verify Healthcheck Evidence	2026-02-22T00:57:17.8015009Z -rw-r--r-- 1 runner runner     7 Feb 22 00:57 run_260219_001.log
gate-light-check	Verify Healthcheck Evidence	2026-02-22T00:57:17.8015437Z -rw-r--r-- 1 runner runner 10330 Feb 22 00:57 run_260219_004.log
gate-light-check	Verify Healthcheck Evidence	2026-02-22T00:57:17.8015866Z -rw-r--r-- 1 runner runner 11937 Feb 22 00:57 run_260221_004a.log
gate-light-check	Verify Healthcheck Evidence	2026-02-22T00:57:17.8016295Z -rw-r--r-- 1 runner runner 12035 Feb 22 00:57 run_260221_004f.log
gate-light-check	Verify Healthcheck Evidence	2026-02-22T00:57:17.8016720Z -rw-r--r-- 1 runner runner 12680 Feb 22 00:57 run_260221_005h.log
gate-light-check	Verify Healthcheck Evidence	2026-02-22T00:57:17.8017142Z -rw-r--r-- 1 runner runner 12680 Feb 22 00:57 run_260221_005i.log
gate-light-check	Verify Healthcheck Evidence	2026-02-22T00:57:17.8017559Z -rw-r--r-- 1 runner runner 12910 Feb 22 00:57 run_260221_005j.log
gate-light-check	Verify Healthcheck Evidence	2026-02-22T00:57:17.8017989Z -rw-r--r-- 1 runner runner 12680 Feb 22 00:57 run_260221_005k.log
gate-light-check	Verify Healthcheck Evidence	2026-02-22T00:57:17.8018409Z -rw-r--r-- 1 runner runner 13065 Feb 22 00:57 run_260221_005l.log
gate-light-check	Verify Healthcheck Evidence	2026-02-22T00:57:17.8018834Z -rw-r--r-- 1 runner runner 13065 Feb 22 00:57 run_260221_005m.log
gate-light-check	Verify Healthcheck Evidence	2026-02-22T00:57:17.8019257Z -rw-r--r-- 1 runner runner 13065 Feb 22 00:57 run_260221_005n.log
gate-light-check	Verify Healthcheck Evidence	2026-02-22T00:57:17.8019673Z -rw-r--r-- 1 runner runner 13065 Feb 22 00:57 run_260221_005o.log
gate-light-check	Verify Healthcheck Evidence	2026-02-22T00:57:17.8020095Z -rw-r--r-- 1 runner runner 13580 Feb 22 00:57 run_260221_005r.log
gate-light-check	Verify Healthcheck Evidence	2026-02-22T00:57:17.8020553Z -rw-r--r-- 1 runner runner  1943 Feb 22 00:57 task_report_260218_011.md
gate-light-check	Verify Healthcheck Evidence	2026-02-22T00:57:17.8021026Z -rw-r--r-- 1 runner runner  1226 Feb 22 00:57 task_report_260218_013.md
gate-light-check	Verify Healthcheck Evidence	2026-02-22T00:57:17.8021493Z -rw-r--r-- 1 runner runner  2254 Feb 22 00:57 task_report_260218_014.md
gate-light-check	Verify Healthcheck Evidence	2026-02-22T00:57:17.8021998Z -rw-r--r-- 1 runner runner  1768 Feb 22 00:57 trae_report_snippet_260219_001.txt
gate-light-check	Verify Healthcheck Evidence	2026-02-22T00:57:17.8022536Z -rw-r--r-- 1 runner runner  9679 Feb 22 00:57 trae_report_snippet_260219_004.txt
gate-light-check	Verify Healthcheck Evidence	2026-02-22T00:57:17.8023368Z -rw-r--r-- 1 runner runner  9269 Feb 22 00:57 trae_report_snippet_260221_004a.txt
gate-light-check	Verify Healthcheck Evidence	2026-02-22T00:57:17.8024169Z -rw-r--r-- 1 runner runner  9263 Feb 22 00:57 trae_report_snippet_260221_004f.txt
gate-light-check	Verify Healthcheck Evidence	2026-02-22T00:57:17.8024935Z -rw-r--r-- 1 runner runner  9697 Feb 22 00:57 trae_report_snippet_260221_005h.txt
gate-light-check	Verify Healthcheck Evidence	2026-02-22T00:57:17.8025604Z -rw-r--r-- 1 runner runner  9720 Feb 22 00:57 trae_report_snippet_260221_005i.txt
gate-light-check	Verify Healthcheck Evidence	2026-02-22T00:57:17.8026144Z -rw-r--r-- 1 runner runner  9720 Feb 22 00:57 trae_report_snippet_260221_005j.txt
gate-light-check	Verify Healthcheck Evidence	2026-02-22T00:57:17.8026669Z -rw-r--r-- 1 runner runner  9720 Feb 22 00:57 trae_report_snippet_260221_005k.txt
gate-light-check	Verify Healthcheck Evidence	2026-02-22T00:57:17.8027203Z -rw-r--r-- 1 runner runner 12085 Feb 22 00:57 trae_report_snippet_260221_005l.txt
gate-light-check	Verify Healthcheck Evidence	2026-02-22T00:57:17.8027735Z -rw-r--r-- 1 runner runner 13577 Feb 22 00:57 trae_report_snippet_260221_005m.txt
gate-light-check	Verify Healthcheck Evidence	2026-02-22T00:57:17.8028270Z -rw-r--r-- 1 runner runner 15098 Feb 22 00:57 trae_report_snippet_260221_005n.txt
gate-light-check	Verify Healthcheck Evidence	2026-02-22T00:57:17.8028818Z -rw-r--r-- 1 runner runner 14994 Feb 22 00:57 trae_report_snippet_260221_005o.txt
gate-light-check	Verify Healthcheck Evidence	2026-02-22T00:57:17.8029346Z -rw-r--r-- 1 runner runner 18372 Feb 22 00:57 trae_report_snippet_260221_005r.txt
gate-light-check	Verify Healthcheck Evidence	2026-02-22T00:57:17.8029873Z -rw-r--r-- 1 runner runner   917 Feb 22 00:57 workspace_healer_260219_001.json
gate-light-check	Verify Healthcheck Evidence	2026-02-22T00:57:17.8030420Z -rw-r--r-- 1 runner runner   917 Feb 22 00:57 workspace_healer_260219_004.json
gate-light-check	Verify Healthcheck Evidence	2026-02-22T00:57:17.8030938Z -rw-r--r-- 1 runner runner   975 Feb 22 00:57 workspace_healer_260221_004a.json
gate-light-check	Verify Healthcheck Evidence	2026-02-22T00:57:17.8031462Z -rw-r--r-- 1 runner runner   922 Feb 22 00:57 workspace_healer_260221_004f.json
gate-light-check	Verify Healthcheck Evidence	2026-02-22T00:57:17.8031975Z -rw-r--r-- 1 runner runner   918 Feb 22 00:57 workspace_healer_260221_005h.json
gate-light-check	Verify Healthcheck Evidence	2026-02-22T00:57:17.8032480Z -rw-r--r-- 1 runner runner   918 Feb 22 00:57 workspace_healer_260221_005i.json
gate-light-check	Verify Healthcheck Evidence	2026-02-22T00:57:17.8032993Z -rw-r--r-- 1 runner runner   918 Feb 22 00:57 workspace_healer_260221_005j.json
gate-light-check	Verify Healthcheck Evidence	2026-02-22T00:57:17.8033506Z -rw-r--r-- 1 runner runner   918 Feb 22 00:57 workspace_healer_260221_005k.json
gate-light-check	Verify Healthcheck Evidence	2026-02-22T00:57:17.8034153Z -rw-r--r-- 1 runner runner   918 Feb 22 00:57 workspace_healer_260221_005l.json
gate-light-check	Verify Healthcheck Evidence	2026-02-22T00:57:17.8034669Z -rw-r--r-- 1 runner runner   918 Feb 22 00:57 workspace_healer_260221_005m.json
gate-light-check	Verify Healthcheck Evidence	2026-02-22T00:57:17.8035180Z -rw-r--r-- 1 runner runner   918 Feb 22 00:57 workspace_healer_260221_005n.json
gate-light-check	Verify Healthcheck Evidence	2026-02-22T00:57:17.8035691Z -rw-r--r-- 1 runner runner   918 Feb 22 00:57 workspace_healer_260221_005o.json
gate-light-check	Verify Healthcheck Evidence	2026-02-22T00:57:17.8036204Z -rw-r--r-- 1 runner runner   519 Feb 22 00:57 workspace_healer_260221_005r.json
gate-light-check	Generate DoD Notify Result Evidence	﻿2026-02-22T00:57:17.8058579Z ##[group]Run TASK_REF="${GITHUB_HEAD_REF}"
gate-light-check	Generate DoD Notify Result Evidence	2026-02-22T00:57:17.8058955Z [36;1mTASK_REF="${GITHUB_HEAD_REF}"[0m
gate-light-check	Generate DoD Notify Result Evidence	2026-02-22T00:57:17.8059211Z [36;1mif [ -z "$TASK_REF" ]; then[0m
gate-light-check	Generate DoD Notify Result Evidence	2026-02-22T00:57:17.8059451Z [36;1m  TASK_REF="${GITHUB_REF_NAME}"[0m
gate-light-check	Generate DoD Notify Result Evidence	2026-02-22T00:57:17.8059686Z [36;1mfi[0m
gate-light-check	Generate DoD Notify Result Evidence	2026-02-22T00:57:17.8060012Z [36;1mPR_TASK_ID=$(echo "$TASK_REF" | grep -oE '[0-9]{6}_[0-9]{3}[A-Za-z]?' | head -n 1 || true)[0m
gate-light-check	Generate DoD Notify Result Evidence	2026-02-22T00:57:17.8060448Z [36;1mif [ -z "$PR_TASK_ID" ]; then[0m
gate-light-check	Generate DoD Notify Result Evidence	2026-02-22T00:57:17.8060702Z [36;1m  echo "No task_id detected."[0m
gate-light-check	Generate DoD Notify Result Evidence	2026-02-22T00:57:17.8060926Z [36;1m  exit 0[0m
gate-light-check	Generate DoD Notify Result Evidence	2026-02-22T00:57:17.8061100Z [36;1mfi[0m
gate-light-check	Generate DoD Notify Result Evidence	2026-02-22T00:57:17.8061271Z [36;1mYEAR="20${PR_TASK_ID:0:2}"[0m
gate-light-check	Generate DoD Notify Result Evidence	2026-02-22T00:57:17.8061521Z [36;1mMONTH="${PR_TASK_ID:2:2}"[0m
gate-light-check	Generate DoD Notify Result Evidence	2026-02-22T00:57:17.8061812Z [36;1mEVIDENCE_DIR="rules/task-reports/${YEAR}-${MONTH}"[0m
gate-light-check	Generate DoD Notify Result Evidence	2026-02-22T00:57:17.8062135Z [36;1mecho "PR_TASK_ID=${PR_TASK_ID}"[0m
gate-light-check	Generate DoD Notify Result Evidence	2026-02-22T00:57:17.8062408Z [36;1mecho "EVIDENCE_DIR=${EVIDENCE_DIR}"[0m
gate-light-check	Generate DoD Notify Result Evidence	2026-02-22T00:57:17.8063063Z [36;1mmkdir -p "$EVIDENCE_DIR"[0m
gate-light-check	Generate DoD Notify Result Evidence	2026-02-22T00:57:17.8063640Z [36;1mif [ -f "$EVIDENCE_DIR/notify_${PR_TASK_ID}.txt" ] && [ -f "$EVIDENCE_DIR/result_${PR_TASK_ID}.json" ]; then[0m
gate-light-check	Generate DoD Notify Result Evidence	2026-02-22T00:57:17.8064472Z [36;1m  echo "Notify/Result already exist. Skip CI placeholder generation."[0m
gate-light-check	Generate DoD Notify Result Evidence	2026-02-22T00:57:17.8065008Z [36;1m  exit 0[0m
gate-light-check	Generate DoD Notify Result Evidence	2026-02-22T00:57:17.8065184Z [36;1mfi[0m
gate-light-check	Generate DoD Notify Result Evidence	2026-02-22T00:57:17.8065460Z [36;1mPR_TASK_ID="$PR_TASK_ID" EVIDENCE_DIR="$EVIDENCE_DIR" node <<'NODE'[0m
gate-light-check	Generate DoD Notify Result Evidence	2026-02-22T00:57:17.8065826Z [36;1mconst fs = require('fs');[0m
gate-light-check	Generate DoD Notify Result Evidence	2026-02-22T00:57:17.8066074Z [36;1mconst path = require('path');[0m
gate-light-check	Generate DoD Notify Result Evidence	2026-02-22T00:57:17.8066346Z [36;1mconst taskId = process.env.PR_TASK_ID;[0m
gate-light-check	Generate DoD Notify Result Evidence	2026-02-22T00:57:17.8066655Z [36;1mconst sha = process.env.GITHUB_SHA || '';[0m
gate-light-check	Generate DoD Notify Result Evidence	2026-02-22T00:57:17.8066951Z [36;1mconst dir = process.env.EVIDENCE_DIR;[0m
gate-light-check	Generate DoD Notify Result Evidence	2026-02-22T00:57:17.8067227Z [36;1mif (!taskId || !dir) {[0m
gate-light-check	Generate DoD Notify Result Evidence	2026-02-22T00:57:17.8067511Z [36;1m  console.error('Missing PR_TASK_ID or EVIDENCE_DIR');[0m
gate-light-check	Generate DoD Notify Result Evidence	2026-02-22T00:57:17.8067831Z [36;1m  process.exit(1);[0m
gate-light-check	Generate DoD Notify Result Evidence	2026-02-22T00:57:17.8068041Z [36;1m}[0m
gate-light-check	Generate DoD Notify Result Evidence	2026-02-22T00:57:17.8068278Z [36;1mconst notify = path.join(dir, `notify_${taskId}.txt`);[0m
gate-light-check	Generate DoD Notify Result Evidence	2026-02-22T00:57:17.8068656Z [36;1mconst result = path.join(dir, `result_${taskId}.json`);[0m
gate-light-check	Generate DoD Notify Result Evidence	2026-02-22T00:57:17.8068986Z [36;1mconst crypto = require('crypto');[0m
gate-light-check	Generate DoD Notify Result Evidence	2026-02-22T00:57:17.8069501Z [36;1mconst parityRelative = `rules/task-reports/${dir.split('rules/task-reports/').pop()}/ci_parity_${taskId}.json`;[0m
gate-light-check	Generate DoD Notify Result Evidence	2026-02-22T00:57:17.8070107Z [36;1mconst parityPath = path.join(dir, `ci_parity_${taskId}.json`);[0m
gate-light-check	Generate DoD Notify Result Evidence	2026-02-22T00:57:17.8070484Z [36;1mlet paritySummary = `${parityRelative}`;[0m
gate-light-check	Generate DoD Notify Result Evidence	2026-02-22T00:57:17.8070783Z [36;1mif (fs.existsSync(parityPath)) {[0m
gate-light-check	Generate DoD Notify Result Evidence	2026-02-22T00:57:17.8071254Z [36;1m  const parityHash = crypto.createHash('sha256').update(fs.readFileSync(parityPath)).digest('hex');[0m
gate-light-check	Generate DoD Notify Result Evidence	2026-02-22T00:57:17.8071807Z [36;1m  paritySummary = `${parityRelative} sha256=${parityHash}`;[0m
gate-light-check	Generate DoD Notify Result Evidence	2026-02-22T00:57:17.8072129Z [36;1m} else {[0m
gate-light-check	Generate DoD Notify Result Evidence	2026-02-22T00:57:17.8072355Z [36;1m  paritySummary = `${parityRelative} (missing)`;[0m
gate-light-check	Generate DoD Notify Result Evidence	2026-02-22T00:57:17.8072637Z [36;1m}[0m
gate-light-check	Generate DoD Notify Result Evidence	2026-02-22T00:57:17.8072910Z [36;1mconst healthcheckRoot = `${dir}/${taskId}_healthcheck_53122_root.txt`;[0m
gate-light-check	Generate DoD Notify Result Evidence	2026-02-22T00:57:17.8073394Z [36;1mconst healthcheckPairs = `${dir}/${taskId}_healthcheck_53122_pairs.txt`;[0m
gate-light-check	Generate DoD Notify Result Evidence	2026-02-22T00:57:17.8073771Z [36;1mconst notifyContent = [[0m
gate-light-check	Generate DoD Notify Result Evidence	2026-02-22T00:57:17.8074298Z [36;1m  '=== HEADER ===',[0m
gate-light-check	Generate DoD Notify Result Evidence	2026-02-22T00:57:17.8074535Z [36;1m  `Header: TraeTask_${taskId}`,[0m
gate-light-check	Generate DoD Notify Result Evidence	2026-02-22T00:57:17.8074779Z [36;1m  `task_id: ${taskId}`,[0m
gate-light-check	Generate DoD Notify Result Evidence	2026-02-22T00:57:17.8074998Z [36;1m  'mode: CI',[0m
gate-light-check	Generate DoD Notify Result Evidence	2026-02-22T00:57:17.8075190Z [36;1m  `commit: ${sha}`,[0m
gate-light-check	Generate DoD Notify Result Evidence	2026-02-22T00:57:17.8075389Z [36;1m  '',[0m
gate-light-check	Generate DoD Notify Result Evidence	2026-02-22T00:57:17.8075571Z [36;1m  '=== DOD_EVIDENCE_STDOUT ===',[0m
gate-light-check	Generate DoD Notify Result Evidence	2026-02-22T00:57:17.8075878Z [36;1m  `DOD_EVIDENCE_HEALTHCHECK_ROOT: ${healthcheckRoot}`,[0m
gate-light-check	Generate DoD Notify Result Evidence	2026-02-22T00:57:17.8076435Z [36;1m  `DOD_EVIDENCE_HEALTHCHECK_PAIRS: ${healthcheckPairs}`,[0m
gate-light-check	Generate DoD Notify Result Evidence	2026-02-22T00:57:17.8076994Z [36;1m  `CI generated; healthcheck files: ${taskId}_healthcheck_53122_root.txt, ${taskId}_healthcheck_53122_pairs.txt`,[0m
gate-light-check	Generate DoD Notify Result Evidence	2026-02-22T00:57:17.8077479Z [36;1m  '',[0m
gate-light-check	Generate DoD Notify Result Evidence	2026-02-22T00:57:17.8077657Z [36;1m  '=== CI_PARITY_PREVIEW ===',[0m
gate-light-check	Generate DoD Notify Result Evidence	2026-02-22T00:57:17.8077904Z [36;1m  paritySummary,[0m
gate-light-check	Generate DoD Notify Result Evidence	2026-02-22T00:57:17.8078096Z [36;1m  '',[0m
gate-light-check	Generate DoD Notify Result Evidence	2026-02-22T00:57:17.8078270Z [36;1m  '=== GATE_LIGHT_VERIFY ===',[0m
gate-light-check	Generate DoD Notify Result Evidence	2026-02-22T00:57:17.8078577Z [36;1m  'PENDING (generated in CI before gate_light_ci.mjs)',[0m
gate-light-check	Generate DoD Notify Result Evidence	2026-02-22T00:57:17.8078866Z [36;1m  '',[0m
gate-light-check	Generate DoD Notify Result Evidence	2026-02-22T00:57:17.8079100Z [36;1m  'DOD_EVIDENCE_HEALTHCHECK_ROOT: / => HTTP/1.1 200 OK',[0m
gate-light-check	Generate DoD Notify Result Evidence	2026-02-22T00:57:17.8079483Z [36;1m  'DOD_EVIDENCE_HEALTHCHECK_PAIRS: /pairs => HTTP/1.1 200 OK',[0m
gate-light-check	Generate DoD Notify Result Evidence	2026-02-22T00:57:17.8079798Z [36;1m  '',[0m
gate-light-check	Generate DoD Notify Result Evidence	2026-02-22T00:57:17.8079967Z [36;1m  'GATE_LIGHT_EXIT=0',[0m
gate-light-check	Generate DoD Notify Result Evidence	2026-02-22T00:57:17.8080173Z [36;1m  ''[0m
gate-light-check	Generate DoD Notify Result Evidence	2026-02-22T00:57:17.8080338Z [36;1m].join('\n');[0m
gate-light-check	Generate DoD Notify Result Evidence	2026-02-22T00:57:17.8080573Z [36;1mfs.writeFileSync(notify, notifyContent);[0m
gate-light-check	Generate DoD Notify Result Evidence	2026-02-22T00:57:17.8080850Z [36;1mconst resultData = {[0m
gate-light-check	Generate DoD Notify Result Evidence	2026-02-22T00:57:17.8081062Z [36;1m  task_id: taskId,[0m
gate-light-check	Generate DoD Notify Result Evidence	2026-02-22T00:57:17.8081268Z [36;1m  mode: 'CI',[0m
gate-light-check	Generate DoD Notify Result Evidence	2026-02-22T00:57:17.8081574Z [36;1m  status: 'PENDING',[0m
gate-light-check	Generate DoD Notify Result Evidence	2026-02-22T00:57:17.8081783Z [36;1m  head_sha: sha,[0m
gate-light-check	Generate DoD Notify Result Evidence	2026-02-22T00:57:17.8081978Z [36;1m  dod_evidence: {[0m
gate-light-check	Generate DoD Notify Result Evidence	2026-02-22T00:57:17.8082182Z [36;1m    healthcheck: [[0m
gate-light-check	Generate DoD Notify Result Evidence	2026-02-22T00:57:17.8082414Z [36;1m      `${taskId}_healthcheck_53122_root.txt`,[0m
gate-light-check	Generate DoD Notify Result Evidence	2026-02-22T00:57:17.8082706Z [36;1m      `${taskId}_healthcheck_53122_pairs.txt`[0m
gate-light-check	Generate DoD Notify Result Evidence	2026-02-22T00:57:17.8082957Z [36;1m    ],[0m
gate-light-check	Generate DoD Notify Result Evidence	2026-02-22T00:57:17.8083127Z [36;1m    gate_light_exit: 0[0m
gate-light-check	Generate DoD Notify Result Evidence	2026-02-22T00:57:17.8083332Z [36;1m  }[0m
gate-light-check	Generate DoD Notify Result Evidence	2026-02-22T00:57:17.8083483Z [36;1m};[0m
gate-light-check	Generate DoD Notify Result Evidence	2026-02-22T00:57:17.8083749Z [36;1mfs.writeFileSync(result, JSON.stringify(resultData, null, 2));[0m
gate-light-check	Generate DoD Notify Result Evidence	2026-02-22T00:57:17.8084229Z [36;1mNODE[0m
gate-light-check	Generate DoD Notify Result Evidence	2026-02-22T00:57:17.8114497Z shell: /usr/bin/bash -e {0}
gate-light-check	Generate DoD Notify Result Evidence	2026-02-22T00:57:17.8114730Z env:
gate-light-check	Generate DoD Notify Result Evidence	2026-02-22T00:57:17.8114985Z   WORKSPACE_HEALER_TMP: /tmp/workspace_healer_260221_005r.json
gate-light-check	Generate DoD Notify Result Evidence	2026-02-22T00:57:17.8115307Z ##[endgroup]
gate-light-check	Generate DoD Notify Result Evidence	2026-02-22T00:57:17.8187004Z PR_TASK_ID=260221_005r
gate-light-check	Generate DoD Notify Result Evidence	2026-02-22T00:57:17.8187538Z EVIDENCE_DIR=rules/task-reports/2026-02
gate-light-check	Generate DoD Notify Result Evidence	2026-02-22T00:57:17.8199988Z Notify/Result already exist. Skip CI placeholder generation.
gate-light-check	Generate Trae Report Snippet Evidence	﻿2026-02-22T00:57:17.8224582Z ##[group]Run TASK_REF="${GITHUB_HEAD_REF:-${GITHUB_REF_NAME}}"
gate-light-check	Generate Trae Report Snippet Evidence	2026-02-22T00:57:17.8225055Z [36;1mTASK_REF="${GITHUB_HEAD_REF:-${GITHUB_REF_NAME}}"[0m
gate-light-check	Generate Trae Report Snippet Evidence	2026-02-22T00:57:17.8225503Z [36;1mTASK_ID=$(echo "$TASK_REF" | grep -oE '[0-9]{6}_[0-9]{3}[A-Za-z]?' | head -n 1 || true)[0m
gate-light-check	Generate Trae Report Snippet Evidence	2026-02-22T00:57:17.8225919Z [36;1mYEAR="20${TASK_ID:0:2}"[0m
gate-light-check	Generate Trae Report Snippet Evidence	2026-02-22T00:57:17.8226144Z [36;1mMONTH="${TASK_ID:2:2}"[0m
gate-light-check	Generate Trae Report Snippet Evidence	2026-02-22T00:57:17.8226431Z [36;1mEVIDENCE_DIR="rules/task-reports/${YEAR}-${MONTH}"[0m
gate-light-check	Generate Trae Report Snippet Evidence	2026-02-22T00:57:17.8226741Z [36;1mecho "TASK_ID=${TASK_ID}"[0m
gate-light-check	Generate Trae Report Snippet Evidence	2026-02-22T00:57:17.8226988Z [36;1mecho "EVIDENCE_DIR=${EVIDENCE_DIR}"[0m
gate-light-check	Generate Trae Report Snippet Evidence	2026-02-22T00:57:17.8227301Z [36;1mNOTIFY_FILE="${EVIDENCE_DIR}/notify_${TASK_ID}.txt"[0m
gate-light-check	Generate Trae Report Snippet Evidence	2026-02-22T00:57:17.8227690Z [36;1mSNIPPET_FILE="${EVIDENCE_DIR}/trae_report_snippet_${TASK_ID}.txt"[0m
gate-light-check	Generate Trae Report Snippet Evidence	2026-02-22T00:57:17.8228068Z [36;1mif [ -f "$SNIPPET_FILE" ]; then[0m
gate-light-check	Generate Trae Report Snippet Evidence	2026-02-22T00:57:17.8228411Z [36;1m  echo "Snippet already exists. Skip CI placeholder generation."[0m
gate-light-check	Generate Trae Report Snippet Evidence	2026-02-22T00:57:17.8228815Z [36;1m  exit 0[0m
gate-light-check	Generate Trae Report Snippet Evidence	2026-02-22T00:57:17.8228991Z [36;1mfi[0m
gate-light-check	Generate Trae Report Snippet Evidence	2026-02-22T00:57:17.8229169Z [36;1mif [ ! -f "$NOTIFY_FILE" ]; then[0m
gate-light-check	Generate Trae Report Snippet Evidence	2026-02-22T00:57:17.8229497Z [36;1m  echo "Missing notify evidence for snippet: $NOTIFY_FILE"[0m
gate-light-check	Generate Trae Report Snippet Evidence	2026-02-22T00:57:17.8229805Z [36;1m  exit 1[0m
gate-light-check	Generate Trae Report Snippet Evidence	2026-02-22T00:57:17.8229967Z [36;1mfi[0m
gate-light-check	Generate Trae Report Snippet Evidence	2026-02-22T00:57:17.8230438Z [36;1mGATE_LIGHT_GENERATE_PREVIEW=1 node scripts/build_trae_report_snippet.mjs --task_id="$TASK_ID" --result_dir="$EVIDENCE_DIR"[0m
gate-light-check	Generate Trae Report Snippet Evidence	2026-02-22T00:57:17.8231069Z [36;1mTASK_ID="$TASK_ID" EVIDENCE_DIR="$EVIDENCE_DIR" node <<'NODE'[0m
gate-light-check	Generate Trae Report Snippet Evidence	2026-02-22T00:57:17.8231400Z [36;1mconst fs = require('fs');[0m
gate-light-check	Generate Trae Report Snippet Evidence	2026-02-22T00:57:17.8231641Z [36;1mconst path = require('path');[0m
gate-light-check	Generate Trae Report Snippet Evidence	2026-02-22T00:57:17.8231906Z [36;1mconst taskId = process.env.TASK_ID;[0m
gate-light-check	Generate Trae Report Snippet Evidence	2026-02-22T00:57:17.8232196Z [36;1mconst dir = process.env.EVIDENCE_DIR;[0m
gate-light-check	Generate Trae Report Snippet Evidence	2026-02-22T00:57:17.8232583Z [36;1mconst snippetPath = path.join(dir, `trae_report_snippet_${taskId}.txt`);[0m
gate-light-check	Generate Trae Report Snippet Evidence	2026-02-22T00:57:17.8233036Z [36;1mconst content = fs.readFileSync(snippetPath, 'utf8');[0m
gate-light-check	Generate Trae Report Snippet Evidence	2026-02-22T00:57:17.8233362Z [36;1mif (!/^Header:\s*/m.test(content)) {[0m
gate-light-check	Generate Trae Report Snippet Evidence	2026-02-22T00:57:17.8233745Z [36;1m  fs.writeFileSync(snippetPath, `Header: TraeTask_${taskId}\n` + content);[0m
gate-light-check	Generate Trae Report Snippet Evidence	2026-02-22T00:57:17.8234328Z [36;1m}[0m
gate-light-check	Generate Trae Report Snippet Evidence	2026-02-22T00:57:17.8234492Z [36;1mNODE[0m
gate-light-check	Generate Trae Report Snippet Evidence	2026-02-22T00:57:17.8264126Z shell: /usr/bin/bash -e {0}
gate-light-check	Generate Trae Report Snippet Evidence	2026-02-22T00:57:17.8264360Z env:
gate-light-check	Generate Trae Report Snippet Evidence	2026-02-22T00:57:17.8264615Z   WORKSPACE_HEALER_TMP: /tmp/workspace_healer_260221_005r.json
gate-light-check	Generate Trae Report Snippet Evidence	2026-02-22T00:57:17.8264931Z ##[endgroup]
gate-light-check	Generate Trae Report Snippet Evidence	2026-02-22T00:57:17.8334119Z TASK_ID=260221_005r
gate-light-check	Generate Trae Report Snippet Evidence	2026-02-22T00:57:17.8334622Z EVIDENCE_DIR=rules/task-reports/2026-02
gate-light-check	Generate Trae Report Snippet Evidence	2026-02-22T00:57:17.8335252Z Snippet already exists. Skip CI placeholder generation.
gate-light-check	Run Gate Light CI	﻿2026-02-22T00:57:17.8358180Z ##[group]Run git fetch origin main
gate-light-check	Run Gate Light CI	2026-02-22T00:57:17.8358618Z [36;1mgit fetch origin main[0m
gate-light-check	Run Gate Light CI	2026-02-22T00:57:17.8358864Z [36;1mnode scripts/gate_light_ci.mjs[0m
gate-light-check	Run Gate Light CI	2026-02-22T00:57:17.8388151Z shell: /usr/bin/bash -e {0}
gate-light-check	Run Gate Light CI	2026-02-22T00:57:17.8388383Z env:
gate-light-check	Run Gate Light CI	2026-02-22T00:57:17.8388634Z   WORKSPACE_HEALER_TMP: /tmp/workspace_healer_260221_005r.json
gate-light-check	Run Gate Light CI	2026-02-22T00:57:17.8388965Z ##[endgroup]
gate-light-check	Run Gate Light CI	2026-02-22T00:57:18.0261154Z From https://github.com/dongyupeng2108-bot/OppOrder
gate-light-check	Run Gate Light CI	2026-02-22T00:57:18.0263206Z  * branch            main       -> FETCH_HEAD
gate-light-check	Run Gate Light CI	2026-02-22T00:57:18.0704835Z [Gate Light] DEBUG: Checking LATEST.json at /home/runner/work/OppOrder/OppOrder/rules/LATEST.json
gate-light-check	Run Gate Light CI	2026-02-22T00:57:18.0714299Z [Gate Light] Detected PR Task ID from branch: 260221_005r
gate-light-check	Run Gate Light CI	2026-02-22T00:57:18.0715109Z PR_TASK_ID_DETECTED=260221_005r
gate-light-check	Run Gate Light CI	2026-02-22T00:57:18.0715456Z TARGET_TASK_ID=260221_005r
gate-light-check	Run Gate Light CI	2026-02-22T00:57:18.0715764Z LATEST_TASK_ID=260221_005r
gate-light-check	Run Gate Light CI	2026-02-22T00:57:18.0716334Z [Gate Light] LATEST.json consistency verified.
gate-light-check	Run Gate Light CI	2026-02-22T00:57:18.0716929Z [Gate Light] Verifying task_id: 260221_005r
gate-light-check	Run Gate Light CI	2026-02-22T00:57:18.0717423Z [Gate Light] Running Automation Pack V1 Hard Guards...
gate-light-check	Run Gate Light CI	2026-02-22T00:57:18.0720913Z [Gate Light] Report Block Check Passed: notify_260221_005r.txt
gate-light-check	Run Gate Light CI	2026-02-22T00:57:18.0722382Z [Gate Light] Report Block Check Passed: trae_report_snippet_260221_005r.txt
gate-light-check	Run Gate Light CI	2026-02-22T00:57:18.0724551Z [Gate Light] Header Check Passed: TraeTask_260221_005r
gate-light-check	Run Gate Light CI	2026-02-22T00:57:18.0725049Z [Gate Light] Checking Workspace Healer Evidence...
gate-light-check	Run Gate Light CI	2026-02-22T00:57:18.0727182Z [Gate Light] Workspace Healer verified (Clean Environment).
gate-light-check	Run Gate Light CI	2026-02-22T00:57:18.0727676Z [Gate Light] Checking CI Parity JSON Evidence...
gate-light-check	Run Gate Light CI	2026-02-22T00:57:18.0805245Z [Gate Light] DEBUG: is_shallow_repository=true
gate-light-check	Run Gate Light CI	2026-02-22T00:57:18.0805881Z [Gate Light] DEBUG: HEAD=b7b975ae19822e865cb26855806836adff676f60
gate-light-check	Run Gate Light CI	2026-02-22T00:57:18.0839342Z [Gate Light] DEBUG: git merge-base origin/main HEAD=bd17c730c9f7af9787a502999138423fc3b998d4
gate-light-check	Run Gate Light CI	2026-02-22T00:57:18.0840230Z [Gate Light] DETECTED SHALLOW CLONE. Attempting to unshallow (Fix Strategy A)...
gate-light-check	Run Gate Light CI	2026-02-22T00:57:18.5074551Z [Gate Light] Unshallow command executed.
gate-light-check	Run Gate Light CI	2026-02-22T00:57:18.6916636Z From https://github.com/dongyupeng2108-bot/OppOrder
gate-light-check	Run Gate Light CI	2026-02-22T00:57:18.6917324Z  * branch            main       -> FETCH_HEAD
gate-light-check	Run Gate Light CI	2026-02-22T00:57:18.7105669Z [Gate Light] CI Parity JSON Evidence verified.
gate-light-check	Run Gate Light CI	2026-02-22T00:57:18.7106348Z [Gate Light] Checking Error Digest Evidence...
gate-light-check	Run Gate Light CI	2026-02-22T00:57:18.7137891Z [Gate Light] Error Digest Evidence Verified.
gate-light-check	Run Gate Light CI	2026-02-22T00:57:18.7138351Z [Gate Light] Checking doc path standards...
gate-light-check	Run Gate Light CI	2026-02-22T00:57:18.7141050Z [Gate Light] Doc path standards verified.
gate-light-check	Run Gate Light CI	2026-02-22T00:57:18.7141733Z [Gate Light] Checking for legacy doc path references...
gate-light-check	Run Gate Light CI	2026-02-22T00:57:18.7459710Z [CheckDocPathRefs] Scanning for legacy doc path references...
gate-light-check	Run Gate Light CI	2026-02-22T00:57:18.7681009Z [CheckDocPathRefs] PASS: No legacy doc path references found.
gate-light-check	Run Gate Light CI	2026-02-22T00:57:18.7713431Z [Gate Light] Checking for banned cmd syntax in PowerShell scripts...
gate-light-check	Run Gate Light CI	2026-02-22T00:57:18.8036047Z Starting static scan for banned cmd syntax in .ps1 files...
gate-light-check	Run Gate Light CI	2026-02-22T00:57:18.8039985Z Scanning targets: scripts/run_task.ps1, scripts/test_fail_budget.ps1, scripts/ps/Invoke-Step.ps1
gate-light-check	Run Gate Light CI	2026-02-22T00:57:18.8055872Z Static scan PASSED.
gate-light-check	Run Gate Light CI	2026-02-22T00:57:18.8085363Z [Gate Light] Checking for global healthcheck artifacts...
gate-light-check	Run Gate Light CI	2026-02-22T00:57:18.8123051Z [Gate Light] Global Artifact Guard verified.
gate-light-check	Run Gate Light CI	2026-02-22T00:57:18.8123706Z [Gate Light] Checking News Pull API Contract...
gate-light-check	Run Gate Light CI	2026-02-22T00:57:18.8451642Z [Contract Check] Loading schema from: /home/runner/work/OppOrder/OppOrder/OppRadar/contracts/news_pull_response.schema.json
gate-light-check	Run Gate Light CI	2026-02-22T00:57:18.8461737Z [Contract Check] Validating Success Sample...
gate-light-check	Run Gate Light CI	2026-02-22T00:57:18.8465191Z PASS
gate-light-check	Run Gate Light CI	2026-02-22T00:57:18.8465702Z [Contract Check] Validating Error Sample...
gate-light-check	Run Gate Light CI	2026-02-22T00:57:18.8466357Z PASS
gate-light-check	Run Gate Light CI	2026-02-22T00:57:18.8466917Z [Contract Check] All samples validated against schema.
gate-light-check	Run Gate Light CI	2026-02-22T00:57:18.8502707Z [Gate Light] Checking Rank V2 API Contract...
gate-light-check	Run Gate Light CI	2026-02-22T00:57:18.8895852Z === Rank V2 Contract Verification ===
gate-light-check	Run Gate Light CI	2026-02-22T00:57:18.8904900Z Schema loaded.
gate-light-check	Run Gate Light CI	2026-02-22T00:57:18.8986465Z Starting mock server...
gate-light-check	Run Gate Light CI	2026-02-22T00:57:18.9470646Z [Ledger] Init. Path: /home/runner/work/OppOrder/OppOrder/data/opps_ledger/opps_ledger.jsonl
gate-light-check	Run Gate Light CI	2026-02-22T00:57:18.9486273Z [DB] SQLite3 module not found. Falling back to in-memory Mock DB.
gate-light-check	Run Gate Light CI	2026-02-22T00:57:18.9487432Z [DB] Initialized Mock DB (No Persistence).
gate-light-check	Run Gate Light CI	2026-02-22T00:57:18.9490050Z LLM Provider initialized: mock
gate-light-check	Run Gate Light CI	2026-02-22T00:57:18.9508806Z Loaded 3 scans (total), 2 opps (total) from runtime store.
gate-light-check	Run Gate Light CI	2026-02-22T00:57:18.9537399Z Mock server running on port 53122
gate-light-check	Run Gate Light CI	2026-02-22T00:57:20.9033126Z Fetching http://localhost:53122/opportunities/rank_v2?provider=mock&limit=5&run_id=verify_rank_v2...
gate-light-check	Run Gate Light CI	2026-02-22T00:57:20.9090408Z GET /opportunities/rank_v2?provider=mock&limit=5&run_id=verify_rank_v2
gate-light-check	Run Gate Light CI	2026-02-22T00:57:20.9139494Z Received 3 items.
gate-light-check	Run Gate Light CI	2026-02-22T00:57:20.9139966Z Validating against schema...
gate-light-check	Run Gate Light CI	2026-02-22T00:57:20.9144453Z Schema Validation PASSED.
gate-light-check	Run Gate Light CI	2026-02-22T00:57:20.9149202Z Response Hash: ff3d7b77
gate-light-check	Run Gate Light CI	2026-02-22T00:57:20.9167368Z ##[warning]The `set-output` command is deprecated and will be disabled soon. Please upgrade to using Environment Files. For more information see: https://github.blog/changelog/2022-10-11-github-actions-deprecating-save-state-and-set-output-commands/
gate-light-check	Run Gate Light CI	2026-02-22T00:57:20.9178470Z VERIFICATION_SUCCESS
gate-light-check	Run Gate Light CI	2026-02-22T00:57:20.9178854Z Stopping temp server...
gate-light-check	Run Gate Light CI	2026-02-22T00:57:20.9227314Z [Gate Light] Checking Export V1 API Contract...
gate-light-check	Run Gate Light CI	2026-02-22T00:57:20.9620201Z === Export V1 Contract Verification ===
gate-light-check	Run Gate Light CI	2026-02-22T00:57:20.9628955Z Schema loaded.
gate-light-check	Run Gate Light CI	2026-02-22T00:57:20.9704599Z Starting mock server...
gate-light-check	Run Gate Light CI	2026-02-22T00:57:21.0190776Z [Ledger] Init. Path: /home/runner/work/OppOrder/OppOrder/data/opps_ledger/opps_ledger.jsonl
gate-light-check	Run Gate Light CI	2026-02-22T00:57:21.0207304Z [DB] SQLite3 module not found. Falling back to in-memory Mock DB.
gate-light-check	Run Gate Light CI	2026-02-22T00:57:21.0208606Z [DB] Initialized Mock DB (No Persistence).
gate-light-check	Run Gate Light CI	2026-02-22T00:57:21.0211217Z LLM Provider initialized: mock
gate-light-check	Run Gate Light CI	2026-02-22T00:57:21.0231043Z Loaded 3 scans (total), 2 opps (total) from runtime store.
gate-light-check	Run Gate Light CI	2026-02-22T00:57:21.0259985Z Mock server running on port 53122
gate-light-check	Run Gate Light CI	2026-02-22T00:57:22.9756763Z Generating Run assets via http://localhost:53122/scans/run...
gate-light-check	Run Gate Light CI	2026-02-22T00:57:22.9817287Z POST /scans/run
gate-light-check	Run Gate Light CI	2026-02-22T00:57:22.9924323Z Run assets generated. Run ID: sc_b8a4c8e0
gate-light-check	Run Gate Light CI	2026-02-22T00:57:22.9925357Z Fetching Export: http://localhost:53122/opportunities/runs/export_v1?run_id=sc_b8a4c8e0...
gate-light-check	Run Gate Light CI	2026-02-22T00:57:22.9938016Z GET /opportunities/runs/export_v1?run_id=sc_b8a4c8e0
gate-light-check	Run Gate Light CI	2026-02-22T00:57:22.9949615Z Received Export JSON.
gate-light-check	Run Gate Light CI	2026-02-22T00:57:22.9950065Z Validating against schema...
gate-light-check	Run Gate Light CI	2026-02-22T00:57:22.9954492Z Export Schema Validation PASSED.
gate-light-check	Run Gate Light CI	2026-02-22T00:57:22.9959777Z Export Hash: cab60c01
gate-light-check	Run Gate Light CI	2026-02-22T00:57:22.9964889Z ##[warning]The `set-output` command is deprecated and will be disabled soon. Please upgrade to using Environment Files. For more information see: https://github.blog/changelog/2022-10-11-github-actions-deprecating-save-state-and-set-output-commands/
gate-light-check	Run Gate Light CI	2026-02-22T00:57:22.9967183Z EXPORT_CONTRACT_VERIFICATION_SUCCESS
gate-light-check	Run Gate Light CI	2026-02-22T00:57:22.9967645Z Stopping temp server...
gate-light-check	Run Gate Light CI	2026-02-22T00:57:23.0030998Z [Gate Light] Checking Ledger V0 API Contract...
gate-light-check	Run Gate Light CI	2026-02-22T00:57:23.0429738Z === Ledger V0 Contract Verification ===
gate-light-check	Run Gate Light CI	2026-02-22T00:57:23.0439090Z Schema loaded.
gate-light-check	Run Gate Light CI	2026-02-22T00:57:23.0512262Z Starting server...
gate-light-check	Run Gate Light CI	2026-02-22T00:57:23.5657490Z Fetching /opportunities/ledger/query_v0?limit=1...
gate-light-check	Run Gate Light CI	2026-02-22T00:57:23.5682059Z Validating against schema...
gate-light-check	Run Gate Light CI	2026-02-22T00:57:23.5684433Z Validation PASSED.
gate-light-check	Run Gate Light CI	2026-02-22T00:57:23.5753544Z [Gate Light] Checking healthcheck evidence...
gate-light-check	Run Gate Light CI	2026-02-22T00:57:23.5754456Z [Gate Light] Using evidence directory: rules/task-reports/2026-02
gate-light-check	Run Gate Light CI	2026-02-22T00:57:23.5760305Z [Gate Light] Healthcheck evidence verified (Path + Content).
gate-light-check	Run Gate Light CI	2026-02-22T00:57:23.5760797Z [Gate Light] Checking DoD Evidence Excerpts...
gate-light-check	Run Gate Light CI	2026-02-22T00:57:23.5765113Z [Gate Light] DoD Evidence Excerpts verified.
gate-light-check	Run Gate Light CI	2026-02-22T00:57:23.5766356Z [Gate Light] Checking Deletion Audit (Locks & Runs)...
gate-light-check	Run Gate Light CI	2026-02-22T00:57:23.5768358Z [Gate Light] Deletion Audit: No lock/index yet (Assuming Pre-Integrate or First Run in progress).
gate-light-check	Run Gate Light CI	2026-02-22T00:57:23.5769459Z [Gate Light] Checking No Auto-Merge (Git Forbidden Commands)...
gate-light-check	Run Gate Light CI	2026-02-22T00:57:23.5775483Z [Gate Light] No Auto-Merge verified.
gate-light-check	Run Gate Light CI	2026-02-22T00:57:23.5776355Z [Gate Light] Checking Evidence Truth & Sufficiency (Hardening Rule)...
gate-light-check	Run Gate Light CI	2026-02-22T00:57:23.5780420Z [BLOCK] EVIDENCE_TRUTH_MISMATCH
gate-light-check	Run Gate Light CI	2026-02-22T00:57:23.5781336Z [Gate Light] FAILED: Snippet Preview does not match generated gate_light_preview file.
gate-light-check	Run Gate Light CI	2026-02-22T00:57:23.5823186Z ##[error]Process completed with exit code 63.
gate-light-check	Post Run actions/checkout@v4	﻿2026-02-22T00:57:23.5928862Z Post job cleanup.
gate-light-check	Post Run actions/checkout@v4	2026-02-22T00:57:23.6876192Z [command]/usr/bin/git version
gate-light-check	Post Run actions/checkout@v4	2026-02-22T00:57:23.6912404Z git version 2.52.0
gate-light-check	Post Run actions/checkout@v4	2026-02-22T00:57:23.6961024Z Temporarily overriding HOME='/home/runner/work/_temp/a92d122f-6078-44af-a6ae-39ee16921881' before making global git config changes
gate-light-check	Post Run actions/checkout@v4	2026-02-22T00:57:23.6962116Z Adding repository directory to the temporary git global config as a safe directory
gate-light-check	Post Run actions/checkout@v4	2026-02-22T00:57:23.6966438Z [command]/usr/bin/git config --global --add safe.directory /home/runner/work/OppOrder/OppOrder
gate-light-check	Post Run actions/checkout@v4	2026-02-22T00:57:23.6999111Z [command]/usr/bin/git config --local --name-only --get-regexp core\.sshCommand
gate-light-check	Post Run actions/checkout@v4	2026-02-22T00:57:23.7030468Z [command]/usr/bin/git submodule foreach --recursive sh -c "git config --local --name-only --get-regexp 'core\.sshCommand' && git config --local --unset-all 'core.sshCommand' || :"
gate-light-check	Post Run actions/checkout@v4	2026-02-22T00:57:23.7258492Z [command]/usr/bin/git config --local --name-only --get-regexp http\.https\:\/\/github\.com\/\.extraheader
gate-light-check	Post Run actions/checkout@v4	2026-02-22T00:57:23.7278982Z http.https://github.com/.extraheader
gate-light-check	Post Run actions/checkout@v4	2026-02-22T00:57:23.7291692Z [command]/usr/bin/git config --local --unset-all http.https://github.com/.extraheader
gate-light-check	Post Run actions/checkout@v4	2026-02-22T00:57:23.7321823Z [command]/usr/bin/git submodule foreach --recursive sh -c "git config --local --name-only --get-regexp 'http\.https\:\/\/github\.com\/\.extraheader' && git config --local --unset-all 'http.https://github.com/.extraheader' || :"
gate-light-check	Post Run actions/checkout@v4	2026-02-22T00:57:23.7541068Z [command]/usr/bin/git config --local --name-only --get-regexp ^includeIf\.gitdir:
gate-light-check	Post Run actions/checkout@v4	2026-02-22T00:57:23.7571699Z [command]/usr/bin/git submodule foreach --recursive git config --local --show-origin --name-only --get-regexp remote.origin.url
gate-light-check	Complete job	﻿2026-02-22T00:57:23.7893051Z Cleaning up orphan processes
